Date,Symbol,Name,Price,Prev Close,Change %
30/06/2026,AAPL,Apple Inc.,289.36,281.74,0.027046
30/06/2026,ABBV,AbbVie Inc.,251.64,254.31,-0.010499
30/06/2026,AMD,"Advanced Micro Devices, Inc.",580.91,539.49,0.076776
30/06/2026,AMZN,"Amazon.com, Inc.",238.34,240.14,-0.007496
30/06/2026,ANET,"Arista Networks, Inc.",169.88,164.1,0.035222
30/06/2026,ASML,ASML Holding N.V. - New York Re,1989.4399,1883.11,0.056465
30/06/2026,ASTS,"AST SpaceMobile, Inc.",88.86,86.77,0.024087
30/06/2026,BABA,Alibaba Group Holding Limited,95.98,95.51,0.004921
30/06/2026,BRK.B,Berkshire Hathaway Inc. New,500.39,496.0,0.008851
30/06/2026,BRLT,"Brilliant Earth Group, Inc.",1.13,1.11,0.018018
30/06/2026,CCJ,Cameco Corporation,101.86,103.47,-0.01556
30/06/2026,ENS,EnerSys,233.82,224.13,0.043234
30/06/2026,GOOGL,Alphabet Inc.,357.37,353.65,0.010519
30/06/2026,INTC,Intel Corporation,139.63,131.72,0.060052
30/06/2026,IONQ,"IonQ, Inc.",53.26,53.88,-0.011507
30/06/2026,KO,Coca-Cola Company (The),81.27,82.65,-0.016697
30/06/2026,MELI,"MercadoLibre, Inc.",1697.39,1683.13,0.008472
30/06/2026,META,"Meta Platforms, Inc.",563.29,562.6,0.001226
30/06/2026,MRVL,"Marvell Technology, Inc.",297.89,277.75,0.072511
30/06/2026,MSFT,Microsoft Corporation,373.02,368.57,0.012074
30/06/2026,NBIS,Nebius Group N.V.,276.17,261.15,0.057515
30/06/2026,NVDA,NVIDIA Corporation,200.09,194.97,0.02626
30/06/2026,O,Realty Income Corporation,61.96,62.769,-0.012889
30/06/2026,OKLO,Oklo Inc.,52.33,52.76,-0.00815
30/06/2026,PEP,"Pepsico, Inc.",135.4,138.68,-0.023652
30/06/2026,PLTR,Palantir Technologies Inc.,116.67,115.7,0.008384
30/06/2026,QBTS,D-Wave Quantum Inc.,23.99,23.83,0.006714
30/06/2026,RGTI,"Rigetti Computing, Inc.",19.32,19.44,-0.006173
30/06/2026,SMR,NuScale Power Corporation,10.03,10.26,-0.022417
30/06/2026,SOFI,"SoFi Technologies, Inc.",17.93,18.19,-0.014294
30/06/2026,TSLA,"Tesla, Inc.",420.6,411.84,0.02127
30/06/2026,TSM,Taiwan Semiconductor Manufactur,477.57,455.1,0.049374
30/06/2026,UEC,Uranium Energy Corp.,10.66,10.83,-0.015697
30/06/2026,UNH,UnitedHealth Group Incorporated,415.63,419.82,-0.00998
30/06/2026,V,Visa Inc.,343.09,341.65,0.004215
01/07/2026,AAPL,Apple Inc.,294.38,289.36,0.017349
01/07/2026,ABBV,AbbVie Inc.,251.06,251.64,-0.002305
01/07/2026,AMD,"Advanced Micro Devices, Inc.",540.88,580.91,-0.068909
01/07/2026,AMZN,"Amazon.com, Inc.",241.7,238.34,0.014098
01/07/2026,ANET,"Arista Networks, Inc.",166.62,169.88,-0.01919
01/07/2026,ASML,ASML Holding N.V. - New York Re,1843.04,1989.4399,-0.073589
01/07/2026,ASTS,"AST SpaceMobile, Inc.",86.1,88.86,-0.03106
01/07/2026,BABA,Alibaba Group Holding Limited,97.99,95.98,0.020942
01/07/2026,BRK.B,Berkshire Hathaway Inc. New,499.74,500.39,-0.001299
01/07/2026,BRLT,"Brilliant Earth Group, Inc.",1.14,1.13,0.00885
01/07/2026,CCJ,Cameco Corporation,97.39,101.86,-0.043884
01/07/2026,ENS,EnerSys,220.46,233.82,-0.057138
01/07/2026,GOOGL,Alphabet Inc.,361.21,357.37,0.010745
01/07/2026,INTC,Intel Corporation,127.02,139.63,-0.09031
01/07/2026,IONQ,"IonQ, Inc.",51.4,53.26,-0.034923
01/07/2026,KO,Coca-Cola Company (The),81.29,81.27,0.000246
01/07/2026,MELI,"MercadoLibre, Inc.",1742.1899,1697.39,0.026393
01/07/2026,META,"Meta Platforms, Inc.",612.91,563.29,0.08809
01/07/2026,MRVL,"Marvell Technology, Inc.",272.05,297.89,-0.086743
01/07/2026,MSFT,Microsoft Corporation,384.28,373.02,0.030186
01/07/2026,NBIS,Nebius Group N.V.,229.18,276.17,-0.170149
01/07/2026,NVDA,NVIDIA Corporation,197.58,200.09,-0.012544
01/07/2026,O,Realty Income Corporation,61.82,61.96,-0.00226
01/07/2026,OKLO,Oklo Inc.,52.45,52.33,0.002293
01/07/2026,PEP,"Pepsico, Inc.",141.16,135.4,0.042541
01/07/2026,PLTR,Palantir Technologies Inc.,125.73,116.67,0.077655
01/07/2026,QBTS,D-Wave Quantum Inc.,23.5,23.99,-0.020425
01/07/2026,RGTI,"Rigetti Computing, Inc.",18.68,19.32,-0.033126
01/07/2026,SMR,NuScale Power Corporation,10.15,10.03,0.011964
01/07/2026,SOFI,"SoFi Technologies, Inc.",18.44,17.93,0.028444
01/07/2026,TSLA,"Tesla, Inc.",425.3,420.6,0.011175
01/07/2026,TSM,Taiwan Semiconductor Manufactur,444.23,477.57,-0.069812
01/07/2026,UEC,Uranium Energy Corp.,10.55,10.66,-0.010319
01/07/2026,UNH,UnitedHealth Group Incorporated,426.54,415.63,0.026249
01/07/2026,V,Visa Inc.,351.08,343.09,0.023288
02/07/2026,AAPL,Apple Inc.,308.63,294.38,0.048407
02/07/2026,ABBV,AbbVie Inc.,261.07,251.06,0.039871
02/07/2026,AMD,"Advanced Micro Devices, Inc.",517.82,540.88,-0.042634
02/07/2026,AMZN,"Amazon.com, Inc.",242.67,241.7,0.004013
02/07/2026,ANET,"Arista Networks, Inc.",159.99,166.62,-0.039791
02/07/2026,ASML,ASML Holding N.V. - New York Re,1769.3199,1843.04,-0.039999
02/07/2026,ASTS,"AST SpaceMobile, Inc.",85.13,86.1,-0.011266
02/07/2026,BABA,Alibaba Group Holding Limited,96.14,97.99,-0.018879
02/07/2026,BRK.B,Berkshire Hathaway Inc. New,507.78,499.74,0.016088
02/07/2026,BRLT,"Brilliant Earth Group, Inc.",1.14,1.14,0.0
02/07/2026,CCJ,Cameco Corporation,96.54,97.39,-0.008728
02/07/2026,ENS,EnerSys,206.68,220.46,-0.062506
02/07/2026,GOOGL,Alphabet Inc.,359.91,361.21,-0.003599
02/07/2026,INTC,Intel Corporation,120.35,127.02,-0.052511
02/07/2026,IONQ,"IonQ, Inc.",49.12,51.4,-0.044358
02/07/2026,KO,Coca-Cola Company (The),84.14,81.29,0.03506
02/07/2026,MELI,"MercadoLibre, Inc.",1763.36,1742.1899,0.012151
02/07/2026,META,"Meta Platforms, Inc.",582.9,612.91,-0.048963
02/07/2026,MRVL,"Marvell Technology, Inc.",245.29,272.05,-0.098364
02/07/2026,MSFT,Microsoft Corporation,390.49,384.28,0.01616
02/07/2026,NBIS,Nebius Group N.V.,215.62,229.18,-0.059167
02/07/2026,NVDA,NVIDIA Corporation,194.83,197.58,-0.013918
02/07/2026,O,Realty Income Corporation,63.84,61.82,0.032676
02/07/2026,OKLO,Oklo Inc.,52.36,52.45,-0.001716
02/07/2026,PEP,"Pepsico, Inc.",144.22,141.16,0.021678
02/07/2026,PLTR,Palantir Technologies Inc.,129.3,125.73,0.028394
02/07/2026,QBTS,D-Wave Quantum Inc.,22.53,23.5,-0.041277
02/07/2026,RGTI,"Rigetti Computing, Inc.",17.94,18.68,-0.039615
02/07/2026,SMR,NuScale Power Corporation,9.76,10.15,-0.038424
02/07/2026,SOFI,"SoFi Technologies, Inc.",18.24,18.44,-0.010846
02/07/2026,TSLA,"Tesla, Inc.",393.45,425.3,-0.074888
02/07/2026,TSM,Taiwan Semiconductor Manufactur,434.16,444.23,-0.022668
02/07/2026,UEC,Uranium Energy Corp.,10.77,10.55,0.020853
02/07/2026,UNH,UnitedHealth Group Incorporated,425.36,426.54,-0.002766
02/07/2026,V,Visa Inc.,362.13,351.08,0.031474
06/07/2026,AAPL,Apple Inc.,312.66,308.63,0.013058
06/07/2026,ABBV,AbbVie Inc.,254.76,261.07,-0.02417
06/07/2026,AMD,"Advanced Micro Devices, Inc.",552.05,517.82,0.066104
06/07/2026,AMZN,"Amazon.com, Inc.",244.16,242.67,0.00614
06/07/2026,ANET,"Arista Networks, Inc.",173.28,159.99,0.083068
06/07/2026,ASML,ASML Holding N.V. - New York Re,1825.0699,1769.3199,0.031509
06/07/2026,ASTS,"AST SpaceMobile, Inc.",80.64,85.13,-0.052743
06/07/2026,BABA,Alibaba Group Holding Limited,97.91,96.14,0.018411
06/07/2026,BRK.B,Berkshire Hathaway Inc. New,506.58,507.78,-0.002363
06/07/2026,BRLT,"Brilliant Earth Group, Inc.",1.13,1.14,-0.008772
06/07/2026,CCJ,Cameco Corporation,97.5,96.54,0.009944
06/07/2026,ENS,EnerSys,213.31,206.68,0.032079
06/07/2026,GOOGL,Alphabet Inc.,366.46,359.91,0.018199
06/07/2026,INTC,Intel Corporation,122.2,120.35,0.015372
06/07/2026,IONQ,"IonQ, Inc.",48.87,49.12,-0.00509
06/07/2026,KO,Coca-Cola Company (The),82.96,84.14,-0.014024
06/07/2026,MELI,"MercadoLibre, Inc.",1805.6801,1763.36,0.024
06/07/2026,META,"Meta Platforms, Inc.",600.29,582.9,0.029834
06/07/2026,MRVL,"Marvell Technology, Inc.",249.27,245.29,0.016226
06/07/2026,MSFT,Microsoft Corporation,386.74,390.49,-0.009603
06/07/2026,NBIS,Nebius Group N.V.,213.02,215.62,-0.012058
06/07/2026,NVDA,NVIDIA Corporation,195.55,194.83,0.003696
06/07/2026,O,Realty Income Corporation,63.19,63.84,-0.010182
06/07/2026,OKLO,Oklo Inc.,51.84,52.36,-0.009931
06/07/2026,PEP,"Pepsico, Inc.",143.29,144.22,-0.006448
06/07/2026,PLTR,Palantir Technologies Inc.,132.54,129.3,0.025058
06/07/2026,QBTS,D-Wave Quantum Inc.,22.56,22.53,0.001332
06/07/2026,RGTI,"Rigetti Computing, Inc.",17.96,17.94,0.001115
06/07/2026,SMR,NuScale Power Corporation,9.61,9.76,-0.015369
06/07/2026,SOFI,"SoFi Technologies, Inc.",18.61,18.24,0.020285
06/07/2026,TSLA,"Tesla, Inc.",419.77,393.45,0.066895
06/07/2026,TSM,Taiwan Semiconductor Manufactur,451.79,434.16,0.040607
06/07/2026,UEC,Uranium Energy Corp.,10.59,10.77,-0.016713
06/07/2026,UNH,UnitedHealth Group Incorporated,417.99,425.36,-0.017326
06/07/2026,V,Visa Inc.,357.25,362.13,-0.013476
07/07/2026,AAPL,Apple Inc.,310.66,312.66,-0.006397
07/07/2026,ABBV,AbbVie Inc.,254.65,254.76,-0.000432
07/07/2026,AMD,"Advanced Micro Devices, Inc.",516.11,552.05,-0.065103
07/07/2026,AMZN,"Amazon.com, Inc.",245.98,244.16,0.007454
07/07/2026,ANET,"Arista Networks, Inc.",166.46,173.28,-0.039358
07/07/2026,ASML,ASML Holding N.V. - New York Re,1747.28,1825.0699,-0.042623
07/07/2026,ASTS,"AST SpaceMobile, Inc.",74.21,80.64,-0.079737
07/07/2026,BABA,Alibaba Group Holding Limited,98.14,97.91,0.002349
07/07/2026,BRK.B,Berkshire Hathaway Inc. New,504.0,506.58,-0.005093
07/07/2026,BRLT,"Brilliant Earth Group, Inc.",1.11,1.13,-0.017699
07/07/2026,CCJ,Cameco Corporation,94.67,97.5,-0.029026
07/07/2026,ENS,EnerSys,195.98,213.31,-0.081243
07/07/2026,GOOGL,Alphabet Inc.,367.03,366.46,0.001555
07/07/2026,INTC,Intel Corporation,110.39,122.2,-0.096645
07/07/2026,IONQ,"IonQ, Inc.",45.36,48.87,-0.071823
07/07/2026,KO,Coca-Cola Company (The),84.05,82.96,0.013139
07/07/2026,MELI,"MercadoLibre, Inc.",1813.61,1805.6801,0.004392
07/07/2026,META,"Meta Platforms, Inc.",615.58,600.29,0.025471
07/07/2026,MRVL,"Marvell Technology, Inc.",230.7,249.27,-0.074498
07/07/2026,MSFT,Microsoft Corporation,388.84,386.74,0.00543
07/07/2026,NBIS,Nebius Group N.V.,195.19,213.02,-0.083701
07/07/2026,NVDA,NVIDIA Corporation,196.93,195.55,0.007057
07/07/2026,O,Realty Income Corporation,64.01,63.19,0.012977
07/07/2026,OKLO,Oklo Inc.,47.9,51.84,-0.076003
07/07/2026,PEP,"Pepsico, Inc.",144.98,143.29,0.011794
07/07/2026,PLTR,Palantir Technologies Inc.,134.37,132.54,0.013807
07/07/2026,QBTS,D-Wave Quantum Inc.,21.06,22.56,-0.066489
07/07/2026,RGTI,"Rigetti Computing, Inc.",16.55,17.96,-0.078508
07/07/2026,SMR,NuScale Power Corporation,8.96,9.61,-0.067638
07/07/2026,SOFI,"SoFi Technologies, Inc.",17.75,18.61,-0.046212
07/07/2026,TSLA,"Tesla, Inc.",402.9,419.77,-0.040189
07/07/2026,TSM,Taiwan Semiconductor Manufactur,432.57,451.79,-0.042542
07/07/2026,UEC,Uranium Energy Corp.,9.9,10.59,-0.065156
07/07/2026,UNH,UnitedHealth Group Incorporated,428.19,417.99,0.024402
07/07/2026,V,Visa Inc.,352.2,357.25,-0.014136
08/07/2026,AAPL,Apple Inc.,313.39,310.66,0.008788
08/07/2026,ABBV,AbbVie Inc.,252.74,254.65,-0.0075
08/07/2026,AMD,"Advanced Micro Devices, Inc.",517.41,516.11,0.002519
08/07/2026,AMZN,"Amazon.com, Inc.",243.62,245.98,-0.009594
08/07/2026,ANET,"Arista Networks, Inc.",181.05,166.46,0.087649
08/07/2026,ASML,ASML Holding N.V. - New York Re,1768.65,1747.28,0.01223
08/07/2026,ASTS,"AST SpaceMobile, Inc.",74.95,74.21,0.009972
08/07/2026,BABA,Alibaba Group Holding Limited,108.98,98.14,0.110454
08/07/2026,BRK.B,Berkshire Hathaway Inc. New,494.79,504.0,-0.018274
08/07/2026,BRLT,"Brilliant Earth Group, Inc.",1.12,1.11,0.009009
08/07/2026,CCJ,Cameco Corporation,94.73,94.67,0.000634
08/07/2026,ENS,EnerSys,199.68,195.98,0.018879
08/07/2026,GOOGL,Alphabet Inc.,361.92,367.03,-0.013923
08/07/2026,INTC,Intel Corporation,110.24,110.39,-0.001359
08/07/2026,IONQ,"IonQ, Inc.",45.08,45.36,-0.006173
08/07/2026,KO,Coca-Cola Company (The),83.4,84.05,-0.007733
08/07/2026,MELI,"MercadoLibre, Inc.",1809.38,1813.61,-0.002332
08/07/2026,META,"Meta Platforms, Inc.",603.12,615.58,-0.020241
08/07/2026,MRVL,"Marvell Technology, Inc.",231.71,230.7,0.004378
08/07/2026,MSFT,Microsoft Corporation,383.34,388.84,-0.014145
08/07/2026,NBIS,Nebius Group N.V.,216.48,195.19,0.109073
08/07/2026,NVDA,NVIDIA Corporation,204.12,196.93,0.03651
08/07/2026,O,Realty Income Corporation,63.23,64.01,-0.012186
08/07/2026,OKLO,Oklo Inc.,47.28,47.9,-0.012944
08/07/2026,PEP,"Pepsico, Inc.",142.51,144.98,-0.017037
08/07/2026,PLTR,Palantir Technologies Inc.,132.22,134.37,-0.016001
08/07/2026,QBTS,D-Wave Quantum Inc.,20.64,21.06,-0.019943
08/07/2026,RGTI,"Rigetti Computing, Inc.",16.92,16.55,0.022356
08/07/2026,SMR,NuScale Power Corporation,8.76,8.96,-0.022321
08/07/2026,SOFI,"SoFi Technologies, Inc.",17.73,17.75,-0.001127
08/07/2026,TSLA,"Tesla, Inc.",394.06,402.9,-0.021941
08/07/2026,TSM,Taiwan Semiconductor Manufactur,436.98,432.57,0.010195
08/07/2026,UEC,Uranium Energy Corp.,9.93,9.9,0.00303
08/07/2026,UNH,UnitedHealth Group Incorporated,425.6,428.19,-0.006049
08/07/2026,V,Visa Inc.,347.53,352.2,-0.01326
09/07/2026,AAPL,Apple Inc.,316.22,313.39,0.00903
09/07/2026,ABBV,AbbVie Inc.,249.91,252.74,-0.011197
09/07/2026,AMD,"Advanced Micro Devices, Inc.",546.72,517.41,0.056648
09/07/2026,AMZN,"Amazon.com, Inc.",247.04,243.62,0.014038
09/07/2026,ANET,"Arista Networks, Inc.",184.69,181.05,0.020105
09/07/2026,ASML,ASML Holding N.V. - New York Re,1804.25,1768.65,0.020128
09/07/2026,ASTS,"AST SpaceMobile, Inc.",73.88,74.95,-0.014276
09/07/2026,BABA,Alibaba Group Holding Limited,111.14,108.98,0.01982
09/07/2026,BRK.B,Berkshire Hathaway Inc. New,495.45,494.79,0.001334
09/07/2026,BRLT,"Brilliant Earth Group, Inc.",1.16,1.12,0.035714
09/07/2026,CCJ,Cameco Corporation,95.74,94.73,0.010662
09/07/2026,ENS,EnerSys,206.29,199.68,0.033103
09/07/2026,GOOGL,Alphabet Inc.,358.89,361.92,-0.008372
09/07/2026,INTC,Intel Corporation,112.54,110.24,0.020864
09/07/2026,IONQ,"IonQ, Inc.",44.77,45.08,-0.006877
09/07/2026,KO,Coca-Cola Company (The),82.63,83.4,-0.009233
09/07/2026,MELI,"MercadoLibre, Inc.",1807.83,1809.38,-0.000857
09/07/2026,META,"Meta Platforms, Inc.",631.48,603.12,0.047022
09/07/2026,MRVL,"Marvell Technology, Inc.",243.27,231.71,0.04989
09/07/2026,MSFT,Microsoft Corporation,384.36,383.34,0.002661
09/07/2026,NBIS,Nebius Group N.V.,216.2,216.48,-0.001293
09/07/2026,NVDA,NVIDIA Corporation,202.78,204.12,-0.006565
09/07/2026,O,Realty Income Corporation,63.17,63.23,-0.000949
09/07/2026,OKLO,Oklo Inc.,49.27,47.28,0.04209
09/07/2026,PEP,"Pepsico, Inc.",137.86,142.51,-0.032629
09/07/2026,PLTR,Palantir Technologies Inc.,129.04,132.22,-0.024051
09/07/2026,QBTS,D-Wave Quantum Inc.,21.16,20.64,0.025194
09/07/2026,RGTI,"Rigetti Computing, Inc.",16.99,16.92,0.004137
09/07/2026,SMR,NuScale Power Corporation,9.03,8.76,0.030822
09/07/2026,SOFI,"SoFi Technologies, Inc.",18.62,17.73,0.050197
09/07/2026,TSLA,"Tesla, Inc.",406.55,394.06,0.031696
09/07/2026,TSM,Taiwan Semiconductor Manufactur,436.96,436.98,-4.6e-05
09/07/2026,UEC,Uranium Energy Corp.,10.16,9.93,0.023162
09/07/2026,UNH,UnitedHealth Group Incorporated,431.68,425.6,0.014286
09/07/2026,V,Visa Inc.,348.2,347.53,0.001928
10/07/2026,AAPL,Apple Inc.,315.32,316.22,-0.002846
10/07/2026,ABBV,AbbVie Inc.,248.08,249.91,-0.007323
10/07/2026,AMD,"Advanced Micro Devices, Inc.",557.89,546.72,0.020431
10/07/2026,AMZN,"Amazon.com, Inc.",245.34,247.04,-0.006881
10/07/2026,ANET,"Arista Networks, Inc.",186.96,184.69,0.012291
10/07/2026,ASML,ASML Holding N.V. - New York Re,1797.3199,1804.25,-0.003841
10/07/2026,ASTS,"AST SpaceMobile, Inc.",73.32,73.88,-0.00758
10/07/2026,BABA,Alibaba Group Holding Limited,112.33,111.14,0.010707
10/07/2026,BRK.B,Berkshire Hathaway Inc. New,493.71,495.45,-0.003512
10/07/2026,BRLT,"Brilliant Earth Group, Inc.",1.17,1.16,0.008621
10/07/2026,CCJ,Cameco Corporation,95.99,95.74,0.002611
10/07/2026,ENS,EnerSys,205.68,206.29,-0.002957
10/07/2026,GOOGL,Alphabet Inc.,357.18,358.89,-0.004765
10/07/2026,INTC,Intel Corporation,109.84,112.54,-0.023991
10/07/2026,IONQ,"IonQ, Inc.",42.86,44.77,-0.042662
10/07/2026,KO,Coca-Cola Company (The),83.49,82.63,0.010408
10/07/2026,MELI,"MercadoLibre, Inc.",1852.22,1807.83,0.024554
10/07/2026,META,"Meta Platforms, Inc.",669.21,631.48,0.059749
10/07/2026,MRVL,"Marvell Technology, Inc.",235.81,243.21,-0.030426
10/07/2026,MSFT,Microsoft Corporation,385.1,384.36,0.001925
10/07/2026,NBIS,Nebius Group N.V.,219.65,216.2,0.015957
10/07/2026,NVDA,NVIDIA Corporation,210.96,202.78,0.040339
10/07/2026,O,Realty Income Corporation,63.31,63.17,0.002216
10/07/2026,OKLO,Oklo Inc.,48.85,49.27,-0.008524
10/07/2026,PEP,"Pepsico, Inc.",137.38,137.86,-0.003482
10/07/2026,PLTR,Palantir Technologies Inc.,126.79,129.04,-0.017436
10/07/2026,QBTS,D-Wave Quantum Inc.,20.09,21.16,-0.050567
10/07/2026,RGTI,"Rigetti Computing, Inc.",16.54,16.99,-0.026486
10/07/2026,SMR,NuScale Power Corporation,9.04,9.03,0.001107
10/07/2026,SOFI,"SoFi Technologies, Inc.",18.78,18.62,0.008593
10/07/2026,TSLA,"Tesla, Inc.",407.76,406.55,0.002976
10/07/2026,TSM,Taiwan Semiconductor Manufactur,434.11,436.96,-0.006522
10/07/2026,UEC,Uranium Energy Corp.,10.53,10.16,0.036417
10/07/2026,UNH,UnitedHealth Group Incorporated,424.62,431.68,-0.016355
10/07/2026,V,Visa Inc.,348.97,348.2,0.002211
13/07/2026,AAPL,Apple Inc.,317.31,315.32,0.006311
13/07/2026,ABBV,AbbVie Inc.,248.0,248.08,-0.000322
13/07/2026,AMD,"Advanced Micro Devices, Inc.",534.39,557.89,-0.042123
13/07/2026,AMZN,"Amazon.com, Inc.",247.31,245.34,0.00803
13/07/2026,ANET,"Arista Networks, Inc.",181.15,186.96,-0.031076
13/07/2026,ASML,ASML Holding N.V. - New York Re,1726.04,1797.3199,-0.039659
13/07/2026,ASTS,"AST SpaceMobile, Inc.",67.58,73.32,-0.078287
13/07/2026,BABA,Alibaba Group Holding Limited,112.35,112.33,0.000178
13/07/2026,BRK.B,Berkshire Hathaway Inc. New,496.85,493.71,0.00636
13/07/2026,BRLT,"Brilliant Earth Group, Inc.",1.2,1.17,0.025641
13/07/2026,CCJ,Cameco Corporation,90.2,95.99,-0.060319
13/07/2026,ENS,EnerSys,201.09,205.68,-0.022316
13/07/2026,GOOGL,Alphabet Inc.,352.51,357.18,-0.013075
13/07/2026,INTC,Intel Corporation,103.12,109.84,-0.06118
13/07/2026,IONQ,"IonQ, Inc.",38.88,42.86,-0.09286
13/07/2026,KO,Coca-Cola Company (The),84.25,83.49,0.009103
13/07/2026,MELI,"MercadoLibre, Inc.",1867.3,1852.22,0.008142
13/07/2026,META,"Meta Platforms, Inc.",656.73,669.21,-0.018649
13/07/2026,MRVL,"Marvell Technology, Inc.",217.53,235.81,-0.07752
13/07/2026,MSFT,Microsoft Corporation,390.99,385.1,0.015295
13/07/2026,NBIS,Nebius Group N.V.,210.51,219.65,-0.041612
13/07/2026,NVDA,NVIDIA Corporation,203.53,210.96,-0.03522
13/07/2026,O,Realty Income Corporation,64.17,63.31,0.013584
13/07/2026,OKLO,Oklo Inc.,45.81,48.85,-0.062231
13/07/2026,PEP,"Pepsico, Inc.",138.49,137.38,0.00808
13/07/2026,PLTR,Palantir Technologies Inc.,130.04,126.79,0.025633
13/07/2026,QBTS,D-Wave Quantum Inc.,18.66,20.09,-0.07118
13/07/2026,RGTI,"Rigetti Computing, Inc.",15.36,16.54,-0.071342
13/07/2026,SMR,NuScale Power Corporation,8.35,9.04,-0.076327
13/07/2026,SOFI,"SoFi Technologies, Inc.",18.13,18.78,-0.034611
13/07/2026,TSLA,"Tesla, Inc.",394.76,407.76,-0.031881
13/07/2026,TSM,Taiwan Semiconductor Manufactur,421.58,434.11,-0.028864
13/07/2026,UEC,Uranium Energy Corp.,10.07,10.53,-0.043685
13/07/2026,UNH,UnitedHealth Group Incorporated,429.09,424.62,0.010527
13/07/2026,V,Visa Inc.,357.75,348.97,0.02516
14/07/2026,AAPL,Apple Inc.,314.8599853515625,317.31,-0.007721202131787534
14/07/2026,ABBV,AbbVie Inc.,244.78,248.0,-0.012984
14/07/2026,AMD,"Advanced Micro Devices, Inc.",548.1300048828125,534.39,0.025711568110953636
14/07/2026,AMZN,"Amazon.com, Inc.",247.49000549316406,247.31,0.0007278536782340391
14/07/2026,ANET,"Arista Networks, Inc.",182.57,181.15,0.007839
14/07/2026,ASML,ASML Holding N.V. - New York Re,1775.6400146484375,1726.04,0.02873630660264973
14/07/2026,ASTS,"AST SpaceMobile, Inc.",68.82,67.58,0.018349
14/07/2026,BABA,Alibaba Group Holding Limited,112.32,112.35,-0.000267
14/07/2026,BRK.B,Berkshire Hathaway Inc. New,,496.85,
14/07/2026,BRLT,"Brilliant Earth Group, Inc.",1.2,1.2,0.0
14/07/2026,CCJ,Cameco Corporation,91.56999969482422,90.2,0.015188466683195298
14/07/2026,ENS,EnerSys,201.22999572753906,201.09,0.0006961844325379635
14/07/2026,GOOGL,Alphabet Inc.,359.510009765625,352.51,0.01985762039552072
14/07/2026,INTC,Intel Corporation,107.76000213623047,103.12,0.044996141740016135
14/07/2026,IONQ,"IonQ, Inc.",39.29,38.88,0.010545
14/07/2026,KO,Coca-Cola Company (The),83.08000183105469,84.25,-0.01388721862249629
14/07/2026,MELI,"MercadoLibre, Inc.",1873.8800048828125,1867.3,0.003523807038404405
14/07/2026,META,"Meta Platforms, Inc.",661.04,656.73,0.006563
14/07/2026,MRVL,"Marvell Technology, Inc.",222.44000244140625,217.53,0.022571610542942346
14/07/2026,MSFT,Microsoft Corporation,384.92999267578125,390.99,-0.015499136356988054
14/07/2026,NBIS,Nebius Group N.V.,194.09,210.51,-0.078001
14/07/2026,NVDA,NVIDIA Corporation,211.8000030517578,203.53,0.040632845535094636
14/07/2026,O,Realty Income Corporation,63.77000045776367,64.17,-0.00623343528496696
14/07/2026,OKLO,Oklo Inc.,46.24,45.81,0.009387
14/07/2026,PEP,"Pepsico, Inc.",135.4499969482422,138.49,-0.02195106543257868
14/07/2026,PLTR,Palantir Technologies Inc.,133.72,130.04,0.028299
14/07/2026,QBTS,D-Wave Quantum Inc.,18.95,18.66,0.015541
14/07/2026,RGTI,"Rigetti Computing, Inc.",16.11,15.36,0.048828
14/07/2026,SMR,NuScale Power Corporation,8.6,8.35,0.02994
14/07/2026,SOFI,"SoFi Technologies, Inc.",18.55,18.13,0.023166
14/07/2026,TSLA,"Tesla, Inc.",396.17999267578125,394.76,0.0035971037485592744
14/07/2026,TSM,Taiwan Semiconductor Manufactur,420.3900146484375,421.58,-0.0028226798035070073
14/07/2026,UEC,Uranium Energy Corp.,10.390000343322754,10.07,0.03177759119391794
14/07/2026,UNH,UnitedHealth Group Incorporated,425.19000244140625,429.09,-0.00908899661747821
14/07/2026,V,Visa Inc.,356.0199890136719,357.75,-0.004835809884914395
15/07/2026,AAPL,Apple Inc.,327.5,314.86,0.040145
15/07/2026,ABBV,AbbVie Inc.,244.11,243.05,0.004361
15/07/2026,AMD,"Advanced Micro Devices, Inc.",529.14,548.13,-0.034645
15/07/2026,AMZN,"Amazon.com, Inc.",254.96,247.49,0.030183
15/07/2026,ANET,"Arista Networks, Inc.",171.92,182.57,-0.058334
15/07/2026,ASML,ASML Holding N.V. - New York Re,1815.27,1775.64,0.022319
15/07/2026,ASTS,"AST SpaceMobile, Inc.",66.31,68.82,-0.036472
15/07/2026,BABA,Alibaba Group Holding Limited,117.69,112.32,0.04781
15/07/2026,BRK.B,Berkshire Hathaway Inc. New,488.35,491.09,-0.005579
15/07/2026,BRLT,"Brilliant Earth Group, Inc.",1.17,1.2,-0.025
15/07/2026,CCJ,Cameco Corporation,90.98,91.57,-0.006443
15/07/2026,ENS,EnerSys,202.27,201.23,0.005168
15/07/2026,GOOGL,Alphabet Inc.,370.92,359.51,0.031738
15/07/2026,INTC,Intel Corporation,102.99,107.76,-0.044265
15/07/2026,IONQ,"IonQ, Inc.",37.51,39.29,-0.045304
15/07/2026,KO,Coca-Cola Company (The),82.45,83.08,-0.007583
15/07/2026,MELI,"MercadoLibre, Inc.",1843.1899,1873.88,-0.016378
15/07/2026,META,"Meta Platforms, Inc.",681.31,661.04,0.030664
15/07/2026,MRVL,"Marvell Technology, Inc.",206.26,222.44,-0.072739
15/07/2026,MSFT,Microsoft Corporation,395.63,384.93,0.027797
15/07/2026,NBIS,Nebius Group N.V.,199.51,194.09,0.027925
15/07/2026,NVDA,NVIDIA Corporation,212.5,211.8,0.003305
15/07/2026,O,Realty Income Corporation,63.26,63.77,-0.007997
15/07/2026,OKLO,Oklo Inc.,45.69,46.24,-0.011894
15/07/2026,PEP,"Pepsico, Inc.",135.4,135.45,-0.000369
15/07/2026,PLTR,Palantir Technologies Inc.,133.76,133.72,0.000299
15/07/2026,QBTS,D-Wave Quantum Inc.,18.27,18.95,-0.035884
15/07/2026,RGTI,"Rigetti Computing, Inc.",15.25,16.11,-0.053383
15/07/2026,SMR,NuScale Power Corporation,8.36,8.6,-0.027907
15/07/2026,SOFI,"SoFi Technologies, Inc.",17.87,18.55,-0.036658
15/07/2026,TSLA,"Tesla, Inc.",394.46,396.18,-0.004341
15/07/2026,TSM,Taiwan Semiconductor Manufactur,419.48,420.39,-0.002165
15/07/2026,UEC,Uranium Energy Corp.,10.11,10.39,-0.026949
15/07/2026,UNH,UnitedHealth Group Incorporated,418.52,425.19,-0.015687
15/07/2026,V,Visa Inc.,355.14,356.02,-0.002472
16/07/2026,AAPL,Apple Inc.,333.26,327.5,0.017588
16/07/2026,ABBV,AbbVie Inc.,254.39,244.11,0.042112
16/07/2026,AMD,"Advanced Micro Devices, Inc.",500.94,529.14,-0.053294
16/07/2026,AMZN,"Amazon.com, Inc.",249.89,254.96,-0.019885
16/07/2026,ANET,"Arista Networks, Inc.",168.56,171.92,-0.019544
16/07/2026,ASML,ASML Holding N.V. - New York Re,1784.87,1815.27,-0.016747
16/07/2026,ASTS,"AST SpaceMobile, Inc.",55.01,66.31,-0.170412
16/07/2026,BABA,Alibaba Group Holding Limited,117.49,117.69,-0.001699
16/07/2026,BRK.B,Berkshire Hathaway Inc. New,493.12,488.35,0.009768
16/07/2026,BRLT,"Brilliant Earth Group, Inc.",1.18,1.17,0.008547
16/07/2026,CCJ,Cameco Corporation,87.36,90.98,-0.039789
16/07/2026,ENS,EnerSys,195.3,202.27,-0.034459
16/07/2026,GOOGL,Alphabet Inc.,354.46,370.92,-0.044376
16/07/2026,INTC,Intel Corporation,96.98,102.99,-0.058355
16/07/2026,IONQ,"IonQ, Inc.",35.1,37.51,-0.06425
16/07/2026,KO,Coca-Cola Company (The),84.92,82.45,0.029958
16/07/2026,MELI,"MercadoLibre, Inc.",1857.42,1843.1899,0.00772
16/07/2026,META,"Meta Platforms, Inc.",664.54,681.31,-0.024614
16/07/2026,MRVL,"Marvell Technology, Inc.",188.3,206.26,-0.087075
16/07/2026,MSFT,Microsoft Corporation,401.1,395.63,0.013826
16/07/2026,NBIS,Nebius Group N.V.,171.77,199.51,-0.139041
16/07/2026,NVDA,NVIDIA Corporation,207.4,212.5,-0.024
16/07/2026,O,Realty Income Corporation,65.75,63.26,0.039361
16/07/2026,OKLO,Oklo Inc.,41.7,45.69,-0.087328
16/07/2026,PEP,"Pepsico, Inc.",139.43,135.4,0.029764
16/07/2026,PLTR,Palantir Technologies Inc.,134.44,133.76,0.005084
16/07/2026,QBTS,D-Wave Quantum Inc.,16.92,18.27,-0.073892
16/07/2026,RGTI,"Rigetti Computing, Inc.",14.1,15.25,-0.07541
16/07/2026,SMR,NuScale Power Corporation,7.64,8.36,-0.086124
16/07/2026,SOFI,"SoFi Technologies, Inc.",17.32,17.87,-0.030778
16/07/2026,TSLA,"Tesla, Inc.",391.06,394.46,-0.008619
16/07/2026,TSM,Taiwan Semiconductor Manufactur,409.74,419.48,-0.023219
16/07/2026,UEC,Uranium Energy Corp.,9.33,10.11,-0.077151
16/07/2026,UNH,UnitedHealth Group Incorporated,423.38,418.52,0.011612
16/07/2026,V,Visa Inc.,365.14,355.14,0.028158
17/07/2026,AAPL,Apple Inc.,333.74,333.26,0.00144
17/07/2026,ABBV,AbbVie Inc.,254.49,254.39,0.000393
17/07/2026,AMD,,495.76,500.94,-0.010341
17/07/2026,AMZN,"Amazon.com, Inc.",247.23,249.89,-0.010645
17/07/2026,ANET,"Arista Networks, Inc.",168.61,168.56,0.000297
17/07/2026,ASML,ASML Holding N.V. - New York Re,1747.58,1784.87,-0.020892
17/07/2026,ASTS,"AST SpaceMobile, Inc.",57.8,55.01,0.050718
17/07/2026,BABA,Alibaba Group Holding Limited,114.97,117.49,-0.021449
17/07/2026,BRK.B,Berkshire Hathaway Inc. New,490.91,493.12,-0.004482
17/07/2026,BRLT,"Brilliant Earth Group, Inc.",1.17,1.18,-0.008475
17/07/2026,CCJ,,85.62,87.36,-0.019918
17/07/2026,ENS,EnerSys,196.55,195.3,0.0064
17/07/2026,GOOGL,Alphabet Inc.,346.77,354.46,-0.021695
17/07/2026,INTC,Intel Corporation,95.04,96.98,-0.020004
17/07/2026,IONQ,"IonQ, Inc.",34.78,35.1,-0.009117
17/07/2026,KO,,81.56,84.92,-0.039567
17/07/2026,MELI,"MercadoLibre, Inc.",1813.91,1857.42,-0.023425
17/07/2026,META,"Meta Platforms, Inc.",646.01,664.54,-0.027884
17/07/2026,MRVL,"Marvell Technology, Inc.",188.68,188.3,0.002018
17/07/2026,MSFT,Microsoft Corporation,393.82,401.1,-0.01815
17/07/2026,NBIS,Nebius Group N.V.,177.71,171.77,0.034581
17/07/2026,NVDA,NVIDIA Corporation,202.81,207.4,-0.022131
17/07/2026,O,,65.71,65.75,-0.000608
17/07/2026,OKLO,Oklo Inc.,41.11,41.7,-0.014149
17/07/2026,PEP,"Pepsico, Inc.",137.12,139.43,-0.016567
17/07/2026,PLTR,Palantir Technologies Inc.,132.38,134.44,-0.015323
17/07/2026,QBTS,D-Wave Quantum Inc.,16.73,16.92,-0.011229
17/07/2026,RGTI,"Rigetti Computing, Inc.",14.11,14.1,0.000709
17/07/2026,SMR,NuScale Power Corporation,7.72,7.64,0.010471
17/07/2026,SOFI,"SoFi Technologies, Inc.",17.28,17.32,-0.002309
17/07/2026,TSLA,"Tesla, Inc.",380.84,391.06,-0.026134
17/07/2026,TSM,Taiwan Semiconductor Manufactur,398.37,409.74,-0.027749
17/07/2026,UEC,,9.28,9.33,-0.005359
17/07/2026,UNH,UnitedHealth Group Incorporated,426.09,423.38,0.006401
17/07/2026,V,,358.56,365.14,-0.01802
20/07/2026,AAPL,Apple Inc.,326.59,333.74,-0.021424
20/07/2026,ABBV,AbbVie Inc.,253.38,254.49,-0.004362
20/07/2026,AMD,"Advanced Micro Devices, Inc.",503.57,495.76,0.015754
20/07/2026,AMZN,"Amazon.com, Inc.",249.99,247.23,0.011164
20/07/2026,ANET,"Arista Networks, Inc.",169.35,168.61,0.004389
20/07/2026,ASML,ASML Holding N.V. - New York Re,1739.02,1747.58,-0.004898
20/07/2026,ASTS,"AST SpaceMobile, Inc.",57.42,57.8,-0.006574
20/07/2026,BABA,Alibaba Group Holding Limited,120.34,114.97,0.046708
20/07/2026,BRK.B,Berkshire Hathaway Inc. New,491.25,490.91,0.000693
20/07/2026,BRLT,"Brilliant Earth Group, Inc.",1.16,1.17,-0.008547
20/07/2026,CCJ,Cameco Corporation,84.85,85.62,-0.008993
20/07/2026,ENS,EnerSys,192.28,196.55,-0.021725
20/07/2026,GOOGL,Alphabet Inc.,351.99,346.77,0.015053
20/07/2026,INTC,Intel Corporation,97.06,95.04,0.021254
20/07/2026,IONQ,"IonQ, Inc.",34.24,34.78,-0.015526
20/07/2026,KO,Coca-Cola Company (The),82.12,81.56,0.006866
20/07/2026,MELI,"MercadoLibre, Inc.",1832.42,1813.91,0.010204
20/07/2026,META,"Meta Platforms, Inc.",645.85,646.01,-0.000248
20/07/2026,MRVL,"Marvell Technology, Inc.",194.94,188.68,0.033178
20/07/2026,MSFT,Microsoft Corporation,402.29,393.82,0.021507
20/07/2026,NBIS,Nebius Group N.V.,182.62,177.71,0.027629
20/07/2026,NVDA,NVIDIA Corporation,203.28,202.81,0.002317
20/07/2026,O,Realty Income Corporation,65.18,65.71,-0.008066
20/07/2026,OKLO,Oklo Inc.,41.51,41.11,0.00973
20/07/2026,PEP,"Pepsico, Inc.",135.46,137.12,-0.012106
20/07/2026,PLTR,Palantir Technologies Inc.,134.85,132.38,0.018658
20/07/2026,QBTS,D-Wave Quantum Inc.,16.72,16.73,-0.000598
20/07/2026,RGTI,"Rigetti Computing, Inc.",14.25,14.11,0.009922
20/07/2026,SMR,NuScale Power Corporation,7.96,7.72,0.031088
20/07/2026,SOFI,"SoFi Technologies, Inc.",17.01,17.28,-0.015625
20/07/2026,TSLA,"Tesla, Inc.",369.57,380.84,-0.029592
20/07/2026,TSM,Taiwan Semiconductor Manufactur,402.3,398.37,0.009865
20/07/2026,UEC,Uranium Energy Corp.,9.4,9.28,0.012931
20/07/2026,UNH,UnitedHealth Group Incorporated,421.55,426.09,-0.010655
20/07/2026,V,Visa Inc.,360.57,358.56,0.005606
21/07/2026,AAPL,Apple Inc.,327.74,326.59,0.003521
21/07/2026,ABBV,AbbVie Inc.,256.1,253.38,0.010735
21/07/2026,AMD,"Advanced Micro Devices, Inc.",544.43,503.57,0.081141
21/07/2026,AMZN,"Amazon.com, Inc.",247.55,249.99,-0.00976
21/07/2026,ANET,"Arista Networks, Inc.",174.58,169.35,0.030883
21/07/2026,ASML,ASML Holding N.V. - New York Re,1801.51,1739.02,0.035934
21/07/2026,ASTS,"AST SpaceMobile, Inc.",63.34,57.42,0.1031
21/07/2026,BABA,Alibaba Group Holding Limited,117.97,120.34,-0.019694
21/07/2026,BRK.B,Berkshire Hathaway Inc. New,489.65,491.25,-0.003257
21/07/2026,BRLT,"Brilliant Earth Group, Inc.",1.2,1.16,0.034483
21/07/2026,CCJ,Cameco Corporation,88.68,84.85,0.045138
21/07/2026,ENS,EnerSys,201.31,192.28,0.046963
21/07/2026,GOOGL,Alphabet Inc.,347.15,351.99,-0.01375
21/07/2026,INTC,Intel Corporation,105.45,97.06,0.086441
21/07/2026,IONQ,"IonQ, Inc.",35.51,34.24,0.037091
21/07/2026,KO,Coca-Cola Company (The),81.97,82.12,-0.001827
21/07/2026,MELI,"MercadoLibre, Inc.",1822.65,1832.42,-0.005332
21/07/2026,META,"Meta Platforms, Inc.",643.81,645.85,-0.003159
21/07/2026,MRVL,"Marvell Technology, Inc.",207.96,194.94,0.06679
21/07/2026,MSFT,Microsoft Corporation,397.75,402.29,-0.011285
21/07/2026,NBIS,Nebius Group N.V.,216.92,182.62,0.187822
21/07/2026,NVDA,NVIDIA Corporation,207.29,203.28,0.019726
21/07/2026,O,Realty Income Corporation,64.99,65.18,-0.002915
21/07/2026,OKLO,Oklo Inc.,44.13,41.51,0.063117
21/07/2026,PEP,"Pepsico, Inc.",135.0,135.46,-0.003396
21/07/2026,PLTR,Palantir Technologies Inc.,132.66,134.85,-0.01624
21/07/2026,QBTS,D-Wave Quantum Inc.,17.8,16.72,0.064593
21/07/2026,RGTI,"Rigetti Computing, Inc.",15.28,14.25,0.072281
21/07/2026,SMR,NuScale Power Corporation,8.71,7.96,0.094221
21/07/2026,SOFI,"SoFi Technologies, Inc.",17.64,17.01,0.037037
21/07/2026,TSLA,"Tesla, Inc.",378.93,369.57,0.025327
21/07/2026,TSM,Taiwan Semiconductor Manufactur,424.61,402.3,0.055456
21/07/2026,UEC,Uranium Energy Corp.,9.55,9.4,0.015957
21/07/2026,UNH,UnitedHealth Group Incorporated,436.35,421.55,0.035109
21/07/2026,V,Visa Inc.,355.82,360.57,-0.013174
22/07/2026,AAPL,Apple Inc.,325.89,327.74,-0.005645
22/07/2026,ABBV,AbbVie Inc.,253.3,256.1,-0.010933
22/07/2026,AMD,"Advanced Micro Devices, Inc.",552.33,544.43,0.014511
22/07/2026,AMZN,"Amazon.com, Inc.",244.85,247.55,-0.010907
22/07/2026,ANET,"Arista Networks, Inc.",174.87,174.58,0.001661
22/07/2026,ASML,ASML Holding N.V. - New York Re,1801.86,1801.51,0.000194
22/07/2026,ASTS,"AST SpaceMobile, Inc.",61.95,63.34,-0.021945
22/07/2026,BABA,Alibaba Group Holding Limited,116.56,117.97,-0.011952
22/07/2026,BRK.B,Berkshire Hathaway Inc. New,489.39,489.65,-0.000531
22/07/2026,BRLT,"Brilliant Earth Group, Inc.",1.19,1.2,-0.008333
22/07/2026,CCJ,Cameco Corporation,90.37,88.68,0.019057
22/07/2026,ENS,EnerSys,201.31,201.31,0.0
22/07/2026,GOOGL,Alphabet Inc.,342.09,347.15,-0.014576
22/07/2026,INTC,Intel Corporation,102.62,105.45,-0.026837
22/07/2026,IONQ,"IonQ, Inc.",34.68,35.51,-0.023374
22/07/2026,KO,Coca-Cola Company (The),82.2,81.97,0.002806
22/07/2026,MELI,"MercadoLibre, Inc.",1799.21,1822.65,-0.01286
22/07/2026,META,"Meta Platforms, Inc.",627.17,643.81,-0.025846
22/07/2026,MRVL,"Marvell Technology, Inc.",210.99,207.96,0.01457
22/07/2026,MSFT,Microsoft Corporation,390.34,397.75,-0.01863
22/07/2026,NBIS,Nebius Group N.V.,218.16,216.92,0.005716
22/07/2026,NVDA,NVIDIA Corporation,212.06,207.29,0.023011
22/07/2026,O,Realty Income Corporation,65.03,64.99,0.000615
22/07/2026,OKLO,Oklo Inc.,44.5,44.13,0.008384
22/07/2026,PEP,"Pepsico, Inc.",135.65,135.0,0.004815
22/07/2026,PLTR,Palantir Technologies Inc.,124.57,132.66,-0.060983
22/07/2026,QBTS,D-Wave Quantum Inc.,17.35,17.8,-0.025281
22/07/2026,RGTI,"Rigetti Computing, Inc.",15.23,15.28,-0.003272
22/07/2026,SMR,NuScale Power Corporation,8.68,8.71,-0.003444
22/07/2026,SOFI,"SoFi Technologies, Inc.",17.07,17.64,-0.032313
22/07/2026,TSLA,"Tesla, Inc.",374.01,378.93,-0.012984
22/07/2026,TSM,Taiwan Semiconductor Manufactur,421.21,424.61,-0.008007
22/07/2026,UEC,Uranium Energy Corp.,9.73,9.55,0.018848
22/07/2026,UNH,UnitedHealth Group Incorporated,431.31,436.35,-0.01155
22/07/2026,V,Visa Inc.,353.42,355.82,-0.006745
23/07/2026,AAPL,Apple Inc.,321.66,325.89,-0.01298
23/07/2026,ABBV,AbbVie Inc.,256.92,253.3,0.014291
23/07/2026,AMD,"Advanced Micro Devices, Inc.",539.69,552.33,-0.022885
23/07/2026,AMZN,"Amazon.com, Inc.",233.66,244.85,-0.045701
23/07/2026,ANET,"Arista Networks, Inc.",176.61,174.87,0.00995
23/07/2026,ASML,ASML Holding N.V. - New York Re,1803.0,1801.86,0.000633
23/07/2026,ASTS,"AST SpaceMobile, Inc.",59.18,61.95,-0.044713
23/07/2026,BABA,Alibaba Group Holding Limited,114.06,116.56,-0.021448
23/07/2026,BRK.B,Berkshire Hathaway Inc. New,490.85,489.39,0.002983
23/07/2026,BRLT,"Brilliant Earth Group, Inc.",1.12,1.19,-0.058824
23/07/2026,CCJ,Cameco Corporation,89.33,90.37,-0.011508
23/07/2026,ENS,EnerSys,200.05,201.31,-0.006259
23/07/2026,GOOGL,Alphabet Inc.,317.69,342.09,-0.071326
23/07/2026,INTC,Intel Corporation,100.23,102.62,-0.02329
23/07/2026,IONQ,"IonQ, Inc.",34.07,34.68,-0.017589
23/07/2026,KO,Coca-Cola Company (The),81.17,82.2,-0.01253
23/07/2026,MELI,"MercadoLibre, Inc.",1798.7,1799.21,-0.000283
23/07/2026,META,"Meta Platforms, Inc.",606.1,627.17,-0.033595
23/07/2026,MRVL,"Marvell Technology, Inc.",209.32,210.99,-0.007915
23/07/2026,MSFT,Microsoft Corporation,381.58,390.34,-0.022442
23/07/2026,NBIS,Nebius Group N.V.,220.97,218.16,0.01288
23/07/2026,NVDA,NVIDIA Corporation,208.76,212.06,-0.015562
23/07/2026,O,Realty Income Corporation,64.72,65.03,-0.004767
23/07/2026,OKLO,Oklo Inc.,44.0,44.5,-0.011236
23/07/2026,PEP,"Pepsico, Inc.",134.95,135.65,-0.00516
23/07/2026,PLTR,Palantir Technologies Inc.,123.37,124.57,-0.009633
23/07/2026,QBTS,D-Wave Quantum Inc.,17.1,17.35,-0.014409
23/07/2026,RGTI,"Rigetti Computing, Inc.",14.85,15.23,-0.024951
23/07/2026,SMR,NuScale Power Corporation,8.81,8.68,0.014977
23/07/2026,SOFI,"SoFi Technologies, Inc.",16.65,17.07,-0.024605
23/07/2026,TSLA,"Tesla, Inc.",319.69,374.01,-0.145237
23/07/2026,TSM,Taiwan Semiconductor Manufactur,415.58,421.21,-0.013366
23/07/2026,UEC,Uranium Energy Corp.,9.83,9.73,0.010277
23/07/2026,UNH,UnitedHealth Group Incorporated,423.56,431.31,-0.017969
23/07/2026,V,Visa Inc.,351.6,353.42,-0.00515
24/07/2026,AAPL,Apple Inc.,333.02,321.66,0.035317
24/07/2026,ABBV,AbbVie Inc.,259.36,256.92,0.009497
24/07/2026,AMD,"Advanced Micro Devices, Inc.",521.95,539.69,-0.032871
24/07/2026,AMZN,"Amazon.com, Inc.",232.11,233.66,-0.006634
24/07/2026,ANET,"Arista Networks, Inc.",173.99,176.61,-0.014835
24/07/2026,ASML,ASML Holding N.V. - New York Re,1754.8204,1800.6711,-0.025463
24/07/2026,ASTS,"AST SpaceMobile, Inc.",56.2,59.18,-0.050355
24/07/2026,BABA,Alibaba Group Holding Limited,112.14,114.06,-0.016833
24/07/2026,BRK.B,Berkshire Hathaway Inc. New,494.93,490.85,0.008312
24/07/2026,BRLT,"Brilliant Earth Group, Inc.",1.14,1.12,0.017857
24/07/2026,CCJ,Cameco Corporation,87.86,89.33,-0.016456
24/07/2026,ENS,EnerSys,190.75,200.05,-0.046488
24/07/2026,GOOGL,Alphabet Inc.,319.74,317.69,0.006453
24/07/2026,INTC,Intel Corporation,92.32,100.23,-0.078918
24/07/2026,IONQ,"IonQ, Inc.",32.84,34.07,-0.036102
24/07/2026,KO,Coca-Cola Company (The),82.25,81.17,0.013305
24/07/2026,MELI,"MercadoLibre, Inc.",1801.4399,1798.7,0.001523
24/07/2026,META,"Meta Platforms, Inc.",595.19,606.1,-0.018
24/07/2026,MRVL,"Marvell Technology, Inc.",194.23,209.32,-0.072091
24/07/2026,MSFT,Microsoft Corporation,381.7,381.58,0.000314
24/07/2026,NBIS,Nebius Group N.V.,187.77,220.97,-0.150247
24/07/2026,NVDA,NVIDIA Corporation,206.84,208.76,-0.009197
24/07/2026,O,Realty Income Corporation,65.3241,64.4478,0.013597
24/07/2026,OKLO,Oklo Inc.,40.25,44.0,-0.085227
24/07/2026,PEP,"Pepsico, Inc.",136.64,134.95,0.012523
24/07/2026,PLTR,Palantir Technologies Inc.,122.92,123.37,-0.003648
24/07/2026,QBTS,D-Wave Quantum Inc.,16.21,17.1,-0.052047
24/07/2026,RGTI,"Rigetti Computing, Inc.",14.15,14.85,-0.047138
24/07/2026,SMR,NuScale Power Corporation,8.09,8.81,-0.081725
24/07/2026,SOFI,"SoFi Technologies, Inc.",16.46,16.65,-0.011411
24/07/2026,TSLA,"Tesla, Inc.",313.03,319.69,-0.020833
24/07/2026,TSM,Taiwan Semiconductor Manufactur,403.41,415.58,-0.029284
24/07/2026,UEC,Uranium Energy Corp.,9.51,9.83,-0.032553
24/07/2026,UNH,UnitedHealth Group Incorporated,420.74,423.56,-0.006658
24/07/2026,V,Visa Inc.,355.74,351.6,0.011775
27/07/2026,AAPL,Apple Inc.,336.91,333.02,0.011681
27/07/2026,ABBV,AbbVie Inc.,256.91,259.36,-0.009446
27/07/2026,AMD,"Advanced Micro Devices, Inc.",494.95,521.95,-0.051729
27/07/2026,AMZN,"Amazon.com, Inc.",231.39,232.11,-0.003102
27/07/2026,ANET,"Arista Networks, Inc.",170.76,173.99,-0.018564
27/07/2026,ASML,ASML Holding N.V. - New York Re,1655.26,1757.09,-0.057954
27/07/2026,ASTS,"AST SpaceMobile, Inc.",58.29,56.2,0.037189
27/07/2026,BABA,Alibaba Group Holding Limited,115.0,112.14,0.025504
27/07/2026,BRK.B,Berkshire Hathaway Inc. New,497.18,494.93,0.004546
27/07/2026,BRLT,"Brilliant Earth Group, Inc.",1.11,1.14,-0.026316
27/07/2026,CCJ,Cameco Corporation,89.35,87.86,0.016959
27/07/2026,ENS,EnerSys,190.24,190.75,-0.002674
27/07/2026,GOOGL,Alphabet Inc.,326.56,319.74,0.02133
27/07/2026,INTC,Intel Corporation,91.67,92.32,-0.007041
27/07/2026,IONQ,"IonQ, Inc.",35.92,32.84,0.093788
27/07/2026,KO,Coca-Cola Company (The),84.07,82.25,0.022128
27/07/2026,MELI,"MercadoLibre, Inc.",1819.74,1801.4399,0.010159
27/07/2026,META,"Meta Platforms, Inc.",593.87,595.19,-0.002218
27/07/2026,MRVL,"Marvell Technology, Inc.",189.17,194.23,-0.026052
27/07/2026,MSFT,Microsoft Corporation,389.1,381.7,0.019387
27/07/2026,NBIS,Nebius Group N.V.,187.88,187.77,0.000586
27/07/2026,NVDA,NVIDIA Corporation,196.51,206.84,-0.049942
27/07/2026,O,Realty Income Corporation,65.5,65.6,-0.001524
27/07/2026,OKLO,Oklo Inc.,41.81,40.25,0.038758
27/07/2026,PEP,"Pepsico, Inc.",139.79,136.64,0.023053
27/07/2026,PLTR,Palantir Technologies Inc.,131.53,122.92,0.070046
27/07/2026,QBTS,D-Wave Quantum Inc. Common Stock,19.51,16.21,0.203578
27/07/2026,RGTI,"Rigetti Computing, Inc.",15.64,14.15,0.1053
27/07/2026,SMR,NuScale Power Corporation,8.54,8.09,0.055624
27/07/2026,SOFI,"SoFi Technologies, Inc.",16.88,16.46,0.025516
27/07/2026,TSLA,"Tesla, Inc.",309.22,313.03,-0.012171
27/07/2026,TSM,Taiwan Semiconductor Manufactur,399.09,403.41,-0.010709
27/07/2026,UEC,Uranium Energy Corp.,9.91,9.51,0.042061
27/07/2026,UNH,UnitedHealth Group Incorporated,417.64,420.74,-0.007368
27/07/2026,V,Visa Inc.,362.53,355.74,0.019087
28/07/2026,AAPL,Apple Inc.,340.08,336.91,0.009409
28/07/2026,ABBV,AbbVie Inc.,263.2,256.91,0.024483
28/07/2026,AMD,"Advanced Micro Devices, Inc.",454.62,494.95,-0.081483
28/07/2026,AMZN,"Amazon.com, Inc.",230.86,231.39,-0.002291
28/07/2026,ANET,"Arista Networks, Inc.",169.71,170.76,-0.006149
28/07/2026,ASML,ASML Holding N.V. - New York Re,1582.95,1653.1221,-0.042448
28/07/2026,ASTS,"AST SpaceMobile, Inc.",56.55,58.29,-0.029851
28/07/2026,BABA,Alibaba Group Holding Limited,115.19,115.0,0.001652
28/07/2026,BRK.B,Berkshire Hathaway Inc. New,512.37,497.18,0.030552
28/07/2026,BRLT,"Brilliant Earth Group, Inc.",1.13,1.11,0.018018
28/07/2026,CCJ,Cameco Corporation,86.96,89.35,-0.026749
28/07/2026,ENS,EnerSys,183.57,190.24,-0.035061
28/07/2026,GOOGL,Alphabet Inc.,333.71,326.56,0.021895
28/07/2026,INTC,Intel Corporation,86.3,91.67,-0.05858
28/07/2026,IONQ,"IonQ, Inc.",33.88,35.92,-0.056793
28/07/2026,KO,Coca-Cola Company (The),88.27,84.07,0.049958
28/07/2026,MELI,"MercadoLibre, Inc.",1862.52,1819.74,0.023509
28/07/2026,META,"Meta Platforms, Inc.",593.41,593.87,-0.000775
28/07/2026,MRVL,"Marvell Technology, Inc.",174.47,189.17,-0.077708
28/07/2026,MSFT,Microsoft Corporation,393.35,389.1,0.010923
28/07/2026,NBIS,Nebius Group N.V.,169.69,187.88,-0.096817
28/07/2026,NVDA,NVIDIA Corporation,197.01,196.51,0.002544
28/07/2026,O,Realty Income Corporation,65.4535,65.2245,0.003511
28/07/2026,OKLO,Oklo Inc.,39.58,41.81,-0.053337
28/07/2026,PEP,"Pepsico, Inc.",142.86,139.79,0.021962
28/07/2026,PLTR,Palantir Technologies Inc.,123.53,131.53,-0.060823
28/07/2026,QBTS,D-Wave Quantum Inc.,17.635,19.51,-0.096105
28/07/2026,RGTI,"Rigetti Computing, Inc.",14.52,15.64,-0.071611
28/07/2026,SMR,NuScale Power Corporation,8.22,8.54,-0.037471
28/07/2026,SOFI,"SoFi Technologies, Inc.",16.74,16.88,-0.008294
28/07/2026,TSLA,"Tesla, Inc.",307.44,309.22,-0.005756
28/07/2026,TSM,Taiwan Semiconductor Manufactur,392.31,399.09,-0.016989
28/07/2026,UEC,Uranium Energy Corp.,9.44,9.91,-0.047427
28/07/2026,UNH,UnitedHealth Group Incorporated,428.79,417.64,0.026698
28/07/2026,V,Visa Inc.,366.59,362.53,0.011199
29/07/2026,AAPL,Apple Inc.,338.19,340.08,-0.005558
29/07/2026,ABBV,AbbVie Inc.,263.3,263.2,0.00038
29/07/2026,AMD,"Advanced Micro Devices, Inc.",429.56,454.62,-0.055123
29/07/2026,AMZN,"Amazon.com, Inc.",226.65,230.86,-0.018236
29/07/2026,ANET,"Arista Networks, Inc.",157.97,169.71,-0.069177
29/07/2026,ASML,ASML Holding N.V. - New York Re,1550.6899,1582.95,-0.02038
29/07/2026,ASTS,"AST SpaceMobile, Inc.",53.03,56.55,-0.062246
29/07/2026,BABA,Alibaba Group Holding Limited,115.03,115.19,-0.001389
29/07/2026,BRK.B,Berkshire Hathaway Inc. New,509.16,512.37,-0.006265
29/07/2026,BRLT,"Brilliant Earth Group, Inc.",1.1,1.13,-0.026549
29/07/2026,CCJ,Cameco Corporation,84.57,86.96,-0.027484
29/07/2026,ENS,EnerSys,176.44,183.57,-0.038841
29/07/2026,GOOGL,Alphabet Inc.,336.71,333.71,0.00899
29/07/2026,INTC,Intel Corporation,81.88,86.3,-0.051217
29/07/2026,IONQ,"IonQ, Inc.",31.99,33.88,-0.055785
29/07/2026,KO,Coca-Cola Company (The),89.08,88.27,0.009176
29/07/2026,MELI,"MercadoLibre, Inc.",1863.3101,1862.52,0.000424
29/07/2026,META,"Meta Platforms, Inc.",585.61,593.41,-0.013144
29/07/2026,MRVL,"Marvell Technology, Inc.",163.4,174.47,-0.063449
29/07/2026,MSFT,Microsoft Corporation,390.54,393.35,-0.007144
29/07/2026,NBIS,Nebius Group N.V.,148.22,169.69,-0.126525
29/07/2026,NVDA,NVIDIA Corporation,190.01,197.01,-0.035531
29/07/2026,O,Realty Income Corporation,65.54,65.73,-0.002891
29/07/2026,OKLO,Oklo Inc.,36.84,39.58,-0.069227
29/07/2026,PEP,"Pepsico, Inc.",143.5,142.86,0.00448
29/07/2026,PLTR,Palantir Technologies Inc.,123.0,123.53,-0.00429
29/07/2026,QBTS,D-Wave Quantum Inc.,16.18,17.635,-0.082506
29/07/2026,RGTI,"Rigetti Computing, Inc.",13.22,14.52,-0.089532
29/07/2026,SMR,NuScale Power Corporation,7.59,8.22,-0.076642
29/07/2026,SOFI,"SoFi Technologies, Inc.",15.25,16.74,-0.089008
29/07/2026,TSLA,"Tesla, Inc.",298.32,307.44,-0.029664
29/07/2026,TSM,Taiwan Semiconductor Manufactur,374.67,392.31,-0.044964
29/07/2026,UEC,Uranium Energy Corp.,9.04,9.44,-0.042373
29/07/2026,UNH,UnitedHealth Group Incorporated,420.57,428.79,-0.01917
29/07/2026,V,Visa Inc.,368.73,366.59,0.005838
30/07/2026,AAPL,Apple Inc.,333.43,338.19,-0.014075
30/07/2026,ABBV,AbbVie Inc.,257.41,263.3,-0.02237
30/07/2026,AMD,"Advanced Micro Devices, Inc.",485.39,429.56,0.12997
30/07/2026,AMZN,"Amazon.com, Inc.",235.5,226.65,0.039047
30/07/2026,ANET,"Arista Networks, Inc.",171.02,157.97,0.082611
30/07/2026,ASML,ASML Holding N.V. - New York Re,1651.4399,1550.6899,0.064971
30/07/2026,ASTS,"AST SpaceMobile, Inc.",58.44,53.03,0.102018
30/07/2026,BABA,Alibaba Group Holding Limited,116.32,115.03,0.011214
30/07/2026,BRK.B,Berkshire Hathaway Inc. New,509.68,509.16,0.001021
30/07/2026,BRLT,"Brilliant Earth Group, Inc.",1.11,1.1,0.009091
30/07/2026,CCJ,Cameco Corporation,88.23,84.57,0.043278
30/07/2026,ENS,EnerSys,184.75,176.44,0.047098
30/07/2026,GOOGL,Alphabet Inc.,333.66,336.71,-0.009058
30/07/2026,INTC,Intel Corporation,91.13,81.88,0.11297
30/07/2026,IONQ,"IonQ, Inc.",35.77,31.99,0.118162
30/07/2026,KO,Coca-Cola Company (The),88.49,89.08,-0.006623
30/07/2026,MELI,"MercadoLibre, Inc.",1885.73,1863.3101,0.012032
30/07/2026,META,"Meta Platforms, Inc.",539.03,585.61,-0.079541
30/07/2026,MRVL,"Marvell Technology, Inc.",183.3,163.4,0.121787
30/07/2026,MSFT,Microsoft Corporation,451.1,390.54,0.155067
30/07/2026,NBIS,Nebius Group N.V.,188.43,148.22,0.271286
30/07/2026,NVDA,NVIDIA Corporation,195.04,190.01,0.026472
30/07/2026,O,Realty Income Corporation,64.43,65.54,-0.016936
30/07/2026,OKLO,Oklo Inc.,41.09,36.84,0.115364
30/07/2026,PEP,"Pepsico, Inc.",140.2,143.5,-0.022997
30/07/2026,PLTR,Palantir Technologies Inc.,122.26,123.0,-0.006016
30/07/2026,QBTS,D-Wave Quantum Inc.,17.98,16.18,0.111248
30/07/2026,RGTI,"Rigetti Computing, Inc.",14.86,13.22,0.124054
30/07/2026,SMR,NuScale Power Corporation,8.6,7.59,0.13307
30/07/2026,SOFI,"SoFi Technologies, Inc.",16.47,15.25,0.08
30/07/2026,TSLA,"Tesla, Inc.",308.85,298.32,0.035298
30/07/2026,TSM,Taiwan Semiconductor Manufactur,403.31,374.67,0.076441
30/07/2026,UEC,Uranium Energy Corp.,9.74,9.04,0.077434
30/07/2026,UNH,UnitedHealth Group Incorporated,421.47,420.57,0.00214
30/07/2026,V,Visa Inc.,366.27,368.73,-0.006672
31/07/2026,AAPL,Apple Inc.,308.91,333.43,-0.073539
31/07/2026,ABBV,AbbVie Inc.,250.94,257.41,-0.025135
31/07/2026,AMD,"Advanced Micro Devices, Inc.",476.15,485.39,-0.019036
31/07/2026,AMZN,"Amazon.com, Inc.",271.58,235.5,0.153206
31/07/2026,ANET,"Arista Networks, Inc.",180.35,171.02,0.054555
31/07/2026,ASML,ASML Holding N.V. - New York Re,1629.0,1651.4399,-0.013588
31/07/2026,ASTS,"AST SpaceMobile, Inc.",58.98,58.44,0.00924
31/07/2026,BABA,Alibaba Group Holding Limited,122.25,116.32,0.05098
31/07/2026,BRK.B,Berkshire Hathaway Inc. New,511.54,509.68,0.003649
31/07/2026,BRLT,"Brilliant Earth Group, Inc.",1.05,1.11,-0.054054
31/07/2026,CCJ,Cameco Corporation,86.38,88.23,-0.020968
31/07/2026,ENS,EnerSys,186.05,184.75,0.007037
31/07/2026,GOOGL,Alphabet Inc.,356.13,333.66,0.067344
31/07/2026,INTC,Intel Corporation,90.2,91.13,-0.010205
31/07/2026,IONQ,"IonQ, Inc.",36.44,35.77,0.018731
31/07/2026,KO,Coca-Cola Company (The),87.59,88.49,-0.010171
31/07/2026,MELI,"MercadoLibre, Inc.",1877.95,1885.73,-0.004126
31/07/2026,META,"Meta Platforms, Inc.",556.71,539.03,0.0328
31/07/2026,MRVL,"Marvell Technology, Inc.",187.56,183.3,0.023241
31/07/2026,MSFT,Microsoft Corporation,464.72,451.1,0.030193
31/07/2026,NBIS,Nebius Group N.V.,190.41,188.43,0.010508
31/07/2026,NVDA,NVIDIA Corporation,200.75,195.04,0.029276
31/07/2026,O,Realty Income Corporation,63.87,64.159,-0.004504
31/07/2026,OKLO,Oklo Inc.,38.83,41.09,-0.055001
31/07/2026,PEP,"Pepsico, Inc.",139.56,140.2,-0.004565
31/07/2026,PLTR,Palantir Technologies Inc.,123.06,122.26,0.006543
31/07/2026,QBTS,D-Wave Quantum Inc.,18.08,17.98,0.005562
31/07/2026,RGTI,"Rigetti Computing, Inc.",14.95,14.86,0.006057
31/07/2026,SMR,NuScale Power Corporation,8.42,8.6,-0.02093
31/07/2026,SOFI,"SoFi Technologies, Inc.",16.31,16.47,-0.009715
31/07/2026,TSLA,"Tesla, Inc.",311.21,308.85,0.007641
31/07/2026,TSM,Taiwan Semiconductor Manufactur,404.25,403.31,0.002331
31/07/2026,UEC,Uranium Energy Corp.,9.6,9.74,-0.014374
31/07/2026,UNH,UnitedHealth Group Incorporated,414.4,421.47,-0.016775
31/07/2026,V,Visa Inc.,366.13,366.27,-0.000382
03/08/2026,AAPL,Apple Inc.,303.42,308.91,-0.017772
03/08/2026,ABBV,AbbVie Inc.,245.1,250.94,-0.023272
03/08/2026,AMD,"Advanced Micro Devices, Inc.",484.64,476.15,0.017831
03/08/2026,AMZN,"Amazon.com, Inc.",284.02,271.58,0.045806
03/08/2026,ANET,"Arista Networks, Inc.",184.89,180.35,0.025173
03/08/2026,ASML,ASML Holding N.V. - New York Re,1642.52,1629.0,0.0083
03/08/2026,ASTS,"AST SpaceMobile, Inc.",63.52,58.98,0.076975
03/08/2026,BABA,Alibaba Group Holding Limited,127.3,122.25,0.041309
03/08/2026,BRK.B,Berkshire Hathaway Inc. New,513.14,511.54,0.003128
03/08/2026,BRLT,"Brilliant Earth Group, Inc.",1.06,1.05,0.009524
03/08/2026,CCJ,Cameco Corporation,89.72,86.38,0.038666
03/08/2026,ENS,EnerSys,188.84,186.05,0.014996
03/08/2026,GOOGL,Alphabet Inc.,373.51,356.13,0.048802
03/08/2026,INTC,Intel Corporation,91.0,90.2,0.008869
03/08/2026,IONQ,"IonQ, Inc.",38.85,36.44,0.066136
03/08/2026,KO,Coca-Cola Company (The),86.86,87.59,-0.008334
03/08/2026,MELI,"MercadoLibre, Inc.",1898.79,1877.95,0.011097
03/08/2026,META,"Meta Platforms, Inc.",590.24,556.71,0.060229
03/08/2026,MRVL,"Marvell Technology, Inc.",193.78,187.56,0.033163
03/08/2026,MSFT,Microsoft Corporation,487.65,464.72,0.049342
03/08/2026,NBIS,Nebius Group N.V.,212.58,190.41,0.116433
03/08/2026,NVDA,NVIDIA Corporation,206.64,200.75,0.02934
03/08/2026,O,Realty Income Corporation,63.48,63.87,-0.006106
03/08/2026,OKLO,Oklo Inc.,41.22,38.83,0.06155
03/08/2026,PEP,"Pepsico, Inc.",139.63,139.56,0.000502
03/08/2026,PLTR,Palantir Technologies Inc.,125.65,123.06,0.021047
03/08/2026,QBTS,D-Wave Quantum Inc.,19.98,18.08,0.105088
03/08/2026,RGTI,"Rigetti Computing, Inc.",16.02,14.95,0.071572
03/08/2026,SMR,NuScale Power Corporation,9.01,8.42,0.070071
03/08/2026,SOFI,"SoFi Technologies, Inc.",18.03,16.31,0.105457
03/08/2026,TSLA,"Tesla, Inc.",322.08,311.21,0.034928
03/08/2026,TSM,Taiwan Semiconductor Manufactur,406.11,404.25,0.004601
03/08/2026,UEC,Uranium Energy Corp.,9.97,9.6,0.038542
03/08/2026,UNH,UnitedHealth Group Incorporated,415.36,414.4,0.002317
03/08/2026,V,Visa Inc.,365.67,366.13,-0.001256
04/08/2026,AAPL,Apple Inc.,309.38,303.42,0.019643
04/08/2026,ABBV,AbbVie Inc.,243.8,245.1,-0.005304
04/08/2026,AMD,"Advanced Micro Devices, Inc.",518.58,484.64,0.070031
04/08/2026,AMZN,"Amazon.com, Inc.",277.42,284.02,-0.023238
04/08/2026,ANET,"Arista Networks, Inc.",190.51,184.89,0.030396
04/08/2026,ASML,ASML Holding N.V. - New York Re,1711.89,1642.52,0.042234
04/08/2026,ASTS,"AST SpaceMobile, Inc.",70.31,63.52,0.106895
04/08/2026,BABA,Alibaba Group Holding Limited,128.99,127.3,0.013276
04/08/2026,BRK.B,Berkshire Hathaway Inc. New,517.22,513.14,0.007951
04/08/2026,BRLT,"Brilliant Earth Group, Inc.",1.05,1.06,-0.009434
04/08/2026,CCJ,Cameco Corporation,93.09,89.72,0.037561
04/08/2026,ENS,EnerSys,193.7,188.84,0.025736
04/08/2026,GOOGL,Alphabet Inc.,377.65,373.51,0.011084
04/08/2026,INTC,Intel Corporation,100.86,91.0,0.108352
04/08/2026,IONQ,"IonQ, Inc.",41.72,38.85,0.073874
04/08/2026,KO,Coca-Cola Company (The),86.56,86.86,-0.003454
04/08/2026,MELI,"MercadoLibre, Inc.",1888.5,1898.79,-0.005419
04/08/2026,META,"Meta Platforms, Inc.",587.94,590.24,-0.003897
04/08/2026,MRVL,"Marvell Technology, Inc.",218.59,193.78,0.128032
04/08/2026,MSFT,Microsoft Corporation,492.81,487.65,0.010581
04/08/2026,NBIS,Nebius Group N.V.,225.74,212.58,0.061906
04/08/2026,NVDA,NVIDIA Corporation,211.94,206.64,0.025648
04/08/2026,O,Realty Income Corporation,62.9,63.48,-0.009137
04/08/2026,OKLO,Oklo Inc.,43.33,41.22,0.051189
04/08/2026,PEP,"Pepsico, Inc.",139.1,139.63,-0.003796
04/08/2026,PLTR,Palantir Technologies Inc.,162.66,125.65,0.294548
04/08/2026,QBTS,D-Wave Quantum Inc.,21.83,19.98,0.092593
04/08/2026,RGTI,"Rigetti Computing, Inc.",17.45,16.02,0.089263
04/08/2026,SMR,NuScale Power Corporation,9.49,9.01,0.053274
04/08/2026,SOFI,"SoFi Technologies, Inc.",18.7,18.03,0.03716
04/08/2026,TSLA,"Tesla, Inc.",327.35,322.08,0.016362
04/08/2026,TSM,Taiwan Semiconductor Manufactur,417.17,406.11,0.027234
04/08/2026,UEC,Uranium Energy Corp.,10.5,9.97,0.053159
04/08/2026,UNH,UnitedHealth Group Incorporated,407.55,415.36,-0.018803
04/08/2026,V,Visa Inc.,369.59,365.67,0.01072
05/08/2026,AAPL,Apple Inc.,311.0,309.38,0.005236
05/08/2026,ABBV,AbbVie Inc.,246.2,243.8,0.009844
05/08/2026,AMD,"Advanced Micro Devices, Inc.",482.05,518.58,-0.070442
05/08/2026,AMZN,"Amazon.com, Inc.",272.65,277.42,-0.017194
05/08/2026,ANET,"Arista Networks, Inc.",197.31,190.51,0.035694
05/08/2026,ASML,ASML Holding N.V. - New York Re,1678.22,1711.89,-0.019668
05/08/2026,ASTS,"AST SpaceMobile, Inc.",68.38,70.31,-0.02745
05/08/2026,BABA,Alibaba Group Holding Limited,128.53,128.99,-0.003566
05/08/2026,BRK.B,Berkshire Hathaway Inc. New,518.85,517.22,0.003151
05/08/2026,BRLT,"Brilliant Earth Group, Inc.",1.04,1.05,-0.009524
05/08/2026,CCJ,Cameco Corporation,94.27,93.09,0.012676
05/08/2026,ENS,EnerSys,189.87,193.7,-0.019773
05/08/2026,GOOGL,Alphabet Inc.,362.43,377.65,-0.040302
05/08/2026,INTC,Intel Corporation,101.06,100.86,0.001983
05/08/2026,IONQ,"IonQ, Inc.",39.93,41.72,-0.042905
05/08/2026,KO,Coca-Cola Company (The),86.83,86.56,0.003119
05/08/2026,MELI,"MercadoLibre, Inc.",1922.5699,1888.5,0.018041
05/08/2026,META,"Meta Platforms, Inc.",588.77,587.94,0.001412
05/08/2026,MRVL,"Marvell Technology, Inc.",211.02,218.59,-0.034631
05/08/2026,MSFT,Microsoft Corporation,487.46,492.81,-0.010856
05/08/2026,NBIS,Nebius Group N.V.,218.99,225.74,-0.029902
05/08/2026,NVDA,NVIDIA Corporation,219.22,211.94,0.034349
05/08/2026,O,Realty Income Corporation,62.7,62.9,-0.00318
05/08/2026,OKLO,Oklo Inc.,42.99,43.33,-0.007847
05/08/2026,PEP,"Pepsico, Inc.",138.78,139.1,-0.002301
05/08/2026,PLTR,Palantir Technologies Inc.,158.43,162.66,-0.026005
05/08/2026,QBTS,D-Wave Quantum Inc.,21.39,21.83,-0.020156
05/08/2026,RGTI,"Rigetti Computing, Inc.",16.78,17.45,-0.038395
05/08/2026,SMR,NuScale Power Corporation,9.38,9.49,-0.011591
05/08/2026,SOFI,"SoFi Technologies, Inc.",18.25,18.7,-0.024064
05/08/2026,TSLA,"Tesla, Inc.",321.55,327.35,-0.017718
05/08/2026,TSM,Taiwan Semiconductor Manufactur,414.0,417.17,-0.007599
05/08/2026,UEC,Uranium Energy Corp.,10.72,10.5,0.020952
05/08/2026,UNH,UnitedHealth Group Incorporated,412.75,407.55,0.012759
05/08/2026,V,Visa Inc.,368.54,369.59,-0.002841
06/08/2026,AAPL,Apple Inc.,312.41,311.0,0.004534
06/08/2026,ABBV,AbbVie Inc.,243.87,246.2,-0.009464
06/08/2026,AMD,"Advanced Micro Devices, Inc.",489.28,482.05,0.014998
06/08/2026,AMZN,"Amazon.com, Inc.",272.26,272.65,-0.00143
06/08/2026,ANET,"Arista Networks, Inc.",192.32,197.31,-0.02529
06/08/2026,ASML,ASML Holding N.V. - New York Re,1704.37,1678.22,0.015582
06/08/2026,ASTS,"AST SpaceMobile, Inc.",67.36,68.38,-0.014917
06/08/2026,BABA,Alibaba Group Holding Limited,126.81,128.53,-0.013382
06/08/2026,BRK.B,Berkshire Hathaway Inc. New,524.61,518.85,0.011101
06/08/2026,BRLT,"Brilliant Earth Group, Inc.",1.21,1.04,0.163462
06/08/2026,CCJ,Cameco Corporation,93.62,94.27,-0.006895
06/08/2026,ENS,EnerSys,187.45,189.87,-0.012746
06/08/2026,GOOGL,Alphabet Inc.,357.75,362.43,-0.012913
06/08/2026,INTC,Intel Corporation,99.81,101.06,-0.012369
06/08/2026,IONQ,"IonQ, Inc.",39.72,39.93,-0.005259
06/08/2026,KO,Coca-Cola Company (The),86.85,86.83,0.00023
06/08/2026,MELI,"MercadoLibre, Inc.",1830.0,1922.5699,-0.048149
06/08/2026,META,"Meta Platforms, Inc.",589.9,588.77,0.001919
06/08/2026,MRVL,"Marvell Technology, Inc.",210.54,211.02,-0.002275
06/08/2026,MSFT,Microsoft Corporation,499.86,487.46,0.025438
06/08/2026,NBIS,Nebius Group N.V.,189.88,218.99,-0.132928
06/08/2026,NVDA,NVIDIA Corporation,218.99,219.22,-0.001049
06/08/2026,O,Realty Income Corporation,62.36,62.7,-0.005423
06/08/2026,OKLO,Oklo Inc.,42.19,42.99,-0.018609
06/08/2026,PEP,"Pepsico, Inc.",138.44,138.78,-0.00245
06/08/2026,PLTR,Palantir Technologies Inc.,155.92,158.43,-0.015843
06/08/2026,QBTS,D-Wave Quantum Inc.,19.405,21.39,-0.0928
06/08/2026,RGTI,"Rigetti Computing, Inc.",16.53,16.78,-0.014899
06/08/2026,SMR,NuScale Power Corporation,9.47,9.38,0.009595
06/08/2026,SOFI,"SoFi Technologies, Inc.",18.1,18.25,-0.008219
06/08/2026,TSLA,"Tesla, Inc.",319.53,321.55,-0.006282
06/08/2026,TSM,Taiwan Semiconductor Manufactur,418.2,414.0,0.010145
06/08/2026,UEC,Uranium Energy Corp.,10.76,10.72,0.003731
06/08/2026,UNH,UnitedHealth Group Incorporated,403.97,412.75,-0.021272
06/08/2026,V,Visa Inc.,370.47,368.54,0.005237
07/08/2026,AAPL,Apple Inc.,313.33,312.41,0.002945
07/08/2026,ABBV,AbbVie Inc.,246.04,243.87,0.008898
07/08/2026,AMD,"Advanced Micro Devices, Inc.",483.36,489.28,-0.012099
07/08/2026,AMZN,"Amazon.com, Inc.",274.48,272.26,0.008154
07/08/2026,ANET,"Arista Networks, Inc.",188.67,192.32,-0.018979
07/08/2026,ASML,ASML Holding N.V. - New York Re,1740.99,1704.37,0.021486
07/08/2026,ASTS,"AST SpaceMobile, Inc.",71.94,67.36,0.067993
07/08/2026,BABA,Alibaba Group Holding Limited,128.41,126.81,0.012617
07/08/2026,BRK.B,Berkshire Hathaway Inc. New,521.8,524.61,-0.005356
07/08/2026,BRLT,"Brilliant Earth Group, Inc.",1.28,1.21,0.057851
07/08/2026,CCJ,Cameco Corporation,97.39,93.62,0.040269
07/08/2026,ENS,EnerSys,191.72,187.45,0.022779
07/08/2026,GOOGL,Alphabet Inc.,354.3,357.75,-0.009644
07/08/2026,INTC,Intel Corporation,101.65,99.81,0.018435
07/08/2026,IONQ,"IonQ, Inc.",44.43,39.72,0.11858
07/08/2026,KO,Coca-Cola Company (The),87.05,86.85,0.002303
07/08/2026,MELI,"MercadoLibre, Inc.",1820.6899,1830.0,-0.005087
07/08/2026,META,"Meta Platforms, Inc.",592.1,589.9,0.003729
07/08/2026,MRVL,"Marvell Technology, Inc.",218.72,210.54,0.038852
07/08/2026,MSFT,Microsoft Corporation,499.99,499.86,0.00026
07/08/2026,NBIS,Nebius Group N.V.,187.97,189.88,-0.010059
07/08/2026,NVDA,NVIDIA Corporation,223.96,218.99,0.022695
07/08/2026,O,Realty Income Corporation,62.51,62.36,0.002405
07/08/2026,OKLO,Oklo Inc.,48.42,42.19,0.147665
07/08/2026,PEP,"Pepsico, Inc.",139.02,138.44,0.00419
07/08/2026,PLTR,Palantir Technologies Inc.,172.01,155.92,0.103194
07/08/2026,QBTS,D-Wave Quantum Inc.,20.76,19.405,0.069827
07/08/2026,RGTI,"Rigetti Computing, Inc.",17.94,16.53,0.085299
07/08/2026,SMR,NuScale Power Corporation,9.82,9.47,0.036959
07/08/2026,SOFI,"SoFi Technologies, Inc.",18.38,18.1,0.01547
07/08/2026,TSLA,"Tesla, Inc.",328.58,319.53,0.028323
07/08/2026,TSM,Taiwan Semiconductor Manufactur,420.04,418.2,0.0044
07/08/2026,UEC,Uranium Energy Corp.,11.26,10.76,0.046468
07/08/2026,UNH,UnitedHealth Group Incorporated,407.08,403.97,0.007699
07/08/2026,V,Visa Inc.,362.5,370.47,-0.021513
10/08/2026,AAPL,Apple Inc.,308.26,313.06,-0.015333
10/08/2026,ABBV,AbbVie Inc.,247.97,246.04,0.007844
10/08/2026,AMD,"Advanced Micro Devices, Inc.",469.56,483.36,-0.02855
10/08/2026,AMZN,"Amazon.com, Inc.",278.09,274.48,0.013152
10/08/2026,ANET,"Arista Networks, Inc.",191.52,188.67,0.015106
10/08/2026,ASML,ASML Holding N.V. - New York Re,1733.48,1740.99,-0.004314
10/08/2026,ASTS,"AST SpaceMobile, Inc.",68.76,71.94,-0.044204
10/08/2026,BABA,Alibaba Group Holding Limited,132.32,128.41,0.030449
10/08/2026,BRK.B,Berkshire Hathaway Inc. New,529.42,521.8,0.014603
10/08/2026,BRLT,"Brilliant Earth Group, Inc.",1.28,1.28,0.0
10/08/2026,CCJ,Cameco Corporation,97.31,97.39,-0.000821
10/08/2026,ENS,EnerSys,186.3,191.72,-0.02827
10/08/2026,GOOGL,Alphabet Inc.,357.52,354.3,0.009088
10/08/2026,INTC,Intel Corporation,97.52,101.65,-0.04063
10/08/2026,IONQ,"IonQ, Inc.",42.53,44.43,-0.042764
10/08/2026,KO,Coca-Cola Company (The),86.87,87.05,-0.002068
10/08/2026,MELI,"MercadoLibre, Inc.",1824.34,1820.6899,0.002005
10/08/2026,META,"Meta Platforms, Inc.",594.92,592.1,0.004763
10/08/2026,MRVL,"Marvell Technology, Inc.",208.56,218.72,-0.046452
10/08/2026,MSFT,Microsoft Corporation,506.06,499.99,0.01214
10/08/2026,NBIS,Nebius Group N.V.,184.11,187.97,-0.020535
10/08/2026,NVDA,NVIDIA Corporation,217.55,223.96,-0.028621
10/08/2026,O,Realty Income Corporation,61.89,62.51,-0.009918
10/08/2026,OKLO,Oklo Inc.,44.49,48.42,-0.081165
10/08/2026,PEP,"Pepsico, Inc.",137.73,139.02,-0.009279
10/08/2026,PLTR,Palantir Technologies Inc.,175.23,172.01,0.01872
10/08/2026,QBTS,D-Wave Quantum Inc.,20.19,20.76,-0.027457
10/08/2026,RGTI,"Rigetti Computing, Inc.",17.65,17.94,-0.016165
10/08/2026,SMR,NuScale Power Corporation,9.18,9.82,-0.065173
10/08/2026,SOFI,"SoFi Technologies, Inc.",18.12,18.38,-0.014146
10/08/2026,TSLA,"Tesla, Inc.",330.88,328.58,0.007
10/08/2026,TSM,Taiwan Semiconductor Manufactur,418.47,420.04,-0.003738
10/08/2026,UEC,Uranium Energy Corp.,11.38,11.26,0.010657
10/08/2026,UNH,UnitedHealth Group Incorporated,408.74,407.08,0.004078
10/08/2026,V,Visa Inc.,361.32,362.5,-0.003255
11/08/2026,AAPL,Apple Inc.,304.91,308.26,-0.010867
11/08/2026,ABBV,AbbVie Inc.,250.09,247.97,0.008549
11/08/2026,AMD,"Advanced Micro Devices, Inc.",474.32,469.56,0.010137
11/08/2026,AMZN,"Amazon.com, Inc.",272.27,278.09,-0.020928
11/08/2026,ANET,"Arista Networks, Inc.",197.85,191.52,0.033051
11/08/2026,ASML,ASML Holding N.V. - New York Re,1799.38,1733.48,0.038016
11/08/2026,ASTS,"AST SpaceMobile, Inc.",71.63,68.76,0.041739
11/08/2026,BABA,Alibaba Group Holding Limited,127.85,132.32,-0.033782
11/08/2026,BRK.B,Berkshire Hathaway Inc. New,516.38,529.42,-0.024631
11/08/2026,BRLT,"Brilliant Earth Group, Inc.",1.33,1.28,0.039063
11/08/2026,CCJ,Cameco Corporation,98.73,97.31,0.014593
11/08/2026,ENS,EnerSys,186.21,186.3,-0.000483
11/08/2026,GOOGL,Alphabet Inc.,343.8,357.52,-0.038375
11/08/2026,INTC,Intel Corporation,97.71,97.52,0.001948
11/08/2026,IONQ,"IonQ, Inc.",43.44,42.53,0.021397
11/08/2026,KO,Coca-Cola Company (The),86.48,86.87,-0.004489
11/08/2026,MELI,"MercadoLibre, Inc.",1940.0,1824.34,0.063398
11/08/2026,META,"Meta Platforms, Inc.",599.12,594.92,0.00706
11/08/2026,MRVL,"Marvell Technology, Inc.",212.31,208.56,0.01798
11/08/2026,MSFT,Microsoft Corporation,503.81,506.06,-0.004446
11/08/2026,NBIS,Nebius Group N.V.,193.23,184.11,0.049536
11/08/2026,NVDA,NVIDIA Corporation,217.5,217.55,-0.00023
11/08/2026,O,Realty Income Corporation,61.89,61.89,0.0
11/08/2026,OKLO,Oklo Inc.,47.01,44.49,0.056642
11/08/2026,PEP,"Pepsico, Inc.",138.41,137.73,0.004937
11/08/2026,PLTR,Palantir Technologies Inc.,174.94,175.23,-0.001655
11/08/2026,QBTS,D-Wave Quantum Inc.,20.23,20.19,0.001981
11/08/2026,RGTI,"Rigetti Computing, Inc.",18.09,17.65,0.024929
11/08/2026,SMR,NuScale Power Corporation,9.89,9.18,0.077342
11/08/2026,SOFI,"SoFi Technologies, Inc.",17.98,18.12,-0.007726
11/08/2026,TSLA,"Tesla, Inc.",332.81,330.88,0.005833
11/08/2026,TSM,Taiwan Semiconductor Manufactur,422.06,418.47,0.008579
11/08/2026,UEC,Uranium Energy Corp.,11.46,11.38,0.00703
11/08/2026,UNH,UnitedHealth Group Incorporated,402.19,408.74,-0.016025
11/08/2026,V,Visa Inc.,362.82,360.65,0.006017
12/08/2026,AAPL,Apple Inc.,302.25,304.91,-0.008724
12/08/2026,ABBV,AbbVie Inc.,248.76,250.09,-0.005318
12/08/2026,AMD,"Advanced Micro Devices, Inc.",482.93,474.32,0.018152
12/08/2026,AMZN,"Amazon.com, Inc.",267.28,272.27,-0.018327
12/08/2026,ANET,"Arista Networks, Inc.",210.5,197.85,0.063937
12/08/2026,ASML,ASML Holding N.V. - New York Re,1810.0699,1799.38,0.005941
12/08/2026,ASTS,"AST SpaceMobile, Inc.",74.31,71.63,0.037414
12/08/2026,BABA,Alibaba Group Holding Limited,125.22,127.85,-0.020571
12/08/2026,BRK.B,Berkshire Hathaway Inc. New,510.0,516.38,-0.012355
12/08/2026,BRLT,"Brilliant Earth Group, Inc.",1.31,1.33,-0.015038
12/08/2026,CCJ,Cameco Corporation,99.03,98.73,0.003039
12/08/2026,ENS,EnerSys,186.72,186.21,0.002739
12/08/2026,GOOGL,Alphabet Inc.,343.54,343.8,-0.000756
12/08/2026,INTC,Intel Corporation,100.95,97.71,0.033159
12/08/2026,IONQ,"IonQ, Inc.",45.2,43.44,0.040516
12/08/2026,KO,Coca-Cola Company (The),86.71,86.48,0.00266
12/08/2026,MELI,"MercadoLibre, Inc.",1828.29,1940.0,-0.057582
12/08/2026,META,"Meta Platforms, Inc.",578.85,599.12,-0.033833
12/08/2026,MRVL,"Marvell Technology, Inc.",217.08,212.31,0.022467
12/08/2026,MSFT,Microsoft Corporation,492.43,503.81,-0.022588
12/08/2026,NBIS,Nebius Group N.V.,259.2,193.23,0.341407
12/08/2026,NVDA,NVIDIA Corporation,224.09,217.5,0.030299
12/08/2026,O,Realty Income Corporation,62.59,61.89,0.01131
12/08/2026,OKLO,Oklo Inc.,45.13,47.01,-0.039991
12/08/2026,PEP,"Pepsico, Inc.",138.7,138.41,0.002095
12/08/2026,PLTR,Palantir Technologies Inc.,171.04,174.94,-0.022293
12/08/2026,QBTS,D-Wave Quantum Inc.,20.74,20.23,0.02521
12/08/2026,RGTI,"Rigetti Computing, Inc.",18.42,18.09,0.018242
12/08/2026,SMR,NuScale Power Corporation,9.59,9.89,-0.030334
12/08/2026,SOFI,"SoFi Technologies, Inc.",17.94,17.98,-0.002225
12/08/2026,TSLA,"Tesla, Inc.",327.51,332.81,-0.015925
12/08/2026,TSM,Taiwan Semiconductor Manufactur,429.15,422.06,0.016799
12/08/2026,UEC,Uranium Energy Corp.,11.36,11.46,-0.008726
12/08/2026,UNH,UnitedHealth Group Incorporated,405.59,402.19,0.008454
12/08/2026,V,Visa Inc.,359.42,362.82,-0.009371
13/08/2026,AAPL,Apple Inc.,305.26,302.25,0.009959
13/08/2026,ABBV,AbbVie Inc.,250.82,248.76,0.008281
13/08/2026,AMD,"Advanced Micro Devices, Inc.",483.01,482.93,0.000166
13/08/2026,AMZN,"Amazon.com, Inc.",265.13,267.28,-0.008044
13/08/2026,ANET,"Arista Networks, Inc.",203.62,210.5,-0.032684
13/08/2026,ASML,ASML Holding N.V. - New York Re,1847.9,1810.0699,0.0209
13/08/2026,ASTS,"AST SpaceMobile, Inc.",71.52,74.31,-0.037545
13/08/2026,BABA,Alibaba Group Holding Limited,122.16,125.22,-0.024437
13/08/2026,BRK.B,Berkshire Hathaway Inc. New,506.93,510.0,-0.00602
13/08/2026,BRLT,"Brilliant Earth Group, Inc.",1.36,1.31,0.038168
13/08/2026,CCJ,Cameco Corporation,97.75,99.03,-0.012925
13/08/2026,ENS,EnerSys,197.38,186.72,0.057091
13/08/2026,GOOGL,Alphabet Inc.,346.36,343.54,0.008209
13/08/2026,INTC,Intel Corporation,104.56,100.95,0.03576
13/08/2026,IONQ,"IonQ, Inc.",44.98,45.2,-0.004867
13/08/2026,KO,Coca-Cola Company (The),87.42,86.71,0.008188
13/08/2026,MELI,"MercadoLibre, Inc.",1828.25,1828.29,-2.2e-05
13/08/2026,META,"Meta Platforms, Inc.",594.97,578.85,0.027848
13/08/2026,MRVL,"Marvell Technology, Inc.",222.18,217.08,0.023494
13/08/2026,MSFT,Microsoft Corporation,496.88,492.43,0.009037
13/08/2026,NBIS,Nebius Group N.V.,255.04,259.2,-0.016049
13/08/2026,NVDA,NVIDIA Corporation,225.3,224.09,0.0054
13/08/2026,O,Realty Income Corporation,62.95,62.59,0.005752
13/08/2026,OKLO,Oklo Inc.,46.45,45.13,0.029249
13/08/2026,PEP,"Pepsico, Inc.",140.62,138.7,0.013843
13/08/2026,PLTR,Palantir Technologies Inc.,179.01,171.04,0.046597
13/08/2026,QBTS,D-Wave Quantum Inc.,20.9,20.74,0.007715
13/08/2026,RGTI,"Rigetti Computing, Inc.",18.62,18.42,0.010858
13/08/2026,SMR,NuScale Power Corporation,9.85,9.59,0.027112
13/08/2026,SOFI,"SoFi Technologies, Inc.",18.43,17.94,0.027313
13/08/2026,TSLA,"Tesla, Inc.",339.96,327.51,0.038014
13/08/2026,TSM,Taiwan Semiconductor Manufactur,430.49,429.15,0.003122
13/08/2026,UEC,Uranium Energy Corp.,11.19,11.36,-0.014965
13/08/2026,UNH,UnitedHealth Group Incorporated,399.06,405.59,-0.0161
13/08/2026,V,Visa Inc.,365.45,359.42,0.016777
14/08/2026,AAPL,Apple Inc.,305.93,305.26,0.002195
14/08/2026,ABBV,AbbVie Inc.,249.46,250.82,-0.005422
14/08/2026,AMD,"Advanced Micro Devices, Inc.",514.39,483.01,0.064968
14/08/2026,AMZN,"Amazon.com, Inc.",262.65,265.13,-0.009354
14/08/2026,ANET,"Arista Networks, Inc.",198.82,203.62,-0.023573
14/08/2026,ASML,ASML Holding N.V. - New York Re,1844.08,1847.9,-0.002067
14/08/2026,ASTS,"AST SpaceMobile, Inc.",70.98,71.52,-0.00755
14/08/2026,BABA,Alibaba Group Holding Limited,123.81,122.16,0.013507
14/08/2026,BRK.B,Berkshire Hathaway Inc. New,504.03,506.93,-0.005721
14/08/2026,BRLT,"Brilliant Earth Group, Inc.",1.33,1.36,-0.022059
14/08/2026,CCJ,Cameco Corporation,97.74,97.75,-0.000102
14/08/2026,ENS,EnerSys,203.4,197.38,0.0305
14/08/2026,GOOGL,Alphabet Inc.,345.9,346.36,-0.001328
14/08/2026,INTC,Intel Corporation,102.5,104.56,-0.019702
14/08/2026,IONQ,"IonQ, Inc.",46.26,44.98,0.028457
14/08/2026,KO,Coca-Cola Company (The),87.71,87.42,0.003317
14/08/2026,MELI,"MercadoLibre, Inc.",1844.58,1828.25,0.008932
14/08/2026,META,"Meta Platforms, Inc.",589.85,594.97,-0.008605
14/08/2026,MRVL,"Marvell Technology, Inc.",222.02,222.18,-0.00072
14/08/2026,MSFT,Microsoft Corporation,495.4,496.88,-0.002979
14/08/2026,NBIS,Nebius Group N.V.,277.68,255.04,0.08877
14/08/2026,NVDA,NVIDIA Corporation,225.16,225.3,-0.000621
14/08/2026,O,Realty Income Corporation,62.74,62.95,-0.003336
14/08/2026,OKLO,Oklo Inc.,44.38,46.45,-0.044564
14/08/2026,PEP,"Pepsico, Inc.",140.79,140.62,0.001209
14/08/2026,PLTR,Palantir Technologies Inc.,174.04,179.01,-0.027764
14/08/2026,QBTS,D-Wave Quantum Inc.,21.17,20.9,0.012919
14/08/2026,RGTI,"Rigetti Computing, Inc.",18.82,18.62,0.010741
14/08/2026,SMR,NuScale Power Corporation,9.39,9.85,-0.046701
14/08/2026,SOFI,"SoFi Technologies, Inc.",18.29,18.43,-0.007596
14/08/2026,TSLA,"Tesla, Inc.",342.27,339.96,0.006795
14/08/2026,TSM,Taiwan Semiconductor Manufactur,426.35,430.49,-0.009617
14/08/2026,UEC,Uranium Energy Corp.,11.21,11.19,0.001787
14/08/2026,UNH,UnitedHealth Group Incorporated,401.73,399.06,0.006691
14/08/2026,V,Visa Inc.,364.15,365.45,-0.003557
17/08/2026,AAPL,Apple Inc.,305.59,305.93,-0.001111
17/08/2026,ABBV,AbbVie Inc.,250.33,249.46,0.003488
17/08/2026,AMD,"Advanced Micro Devices, Inc.",506.0,514.39,-0.016311
17/08/2026,AMZN,"Amazon.com, Inc.",261.31,262.65,-0.005102
17/08/2026,ANET,"Arista Networks, Inc.",201.8,198.82,0.014988
17/08/2026,ASML,ASML Holding N.V. - New York Re,1883.12,1844.08,0.02117
17/08/2026,ASTS,"AST SpaceMobile, Inc.",71.14,70.98,0.002254
17/08/2026,BABA,Alibaba Group Holding Limited,124.71,123.81,0.007269
17/08/2026,BRK.B,Berkshire Hathaway Inc. New,498.23,504.03,-0.011507
17/08/2026,BRLT,"Brilliant Earth Group, Inc.",1.22,1.33,-0.082707
17/08/2026,CCJ,Cameco Corporation,98.58,97.74,0.008594
17/08/2026,ENS,EnerSys,202.34,203.4,-0.005211
17/08/2026,GOOGL,Alphabet Inc.,344.0,345.9,-0.005493
17/08/2026,INTC,Intel Corporation,103.49,102.5,0.009659
17/08/2026,IONQ,"IonQ, Inc.",46.84,46.26,0.012538
17/08/2026,KO,Coca-Cola Company (The),86.98,87.71,-0.008323
17/08/2026,MELI,"MercadoLibre, Inc.",1787.5699,1844.58,-0.030907
17/08/2026,META,"Meta Platforms, Inc.",568.97,589.85,-0.035399
17/08/2026,MRVL,"Marvell Technology, Inc.",234.33,222.02,0.055445
17/08/2026,MSFT,Microsoft Corporation,480.35,495.4,-0.030379
17/08/2026,NBIS,Nebius Group N.V.,268.85,277.68,-0.031799
17/08/2026,NVDA,NVIDIA Corporation,225.01,225.16,-0.000666
17/08/2026,O,Realty Income Corporation,62.4,62.74,-0.005419
17/08/2026,OKLO,Oklo Inc.,43.88,44.38,-0.011266
17/08/2026,PEP,"Pepsico, Inc.",138.24,140.79,-0.018112
17/08/2026,PLTR,Palantir Technologies Inc.,172.55,174.04,-0.008561
17/08/2026,QBTS,D-Wave Quantum Inc.,20.87,21.17,-0.014171
17/08/2026,RGTI,"Rigetti Computing, Inc.",18.67,18.82,-0.00797
17/08/2026,SMR,NuScale Power Corporation,9.19,9.39,-0.021299
17/08/2026,SOFI,"SoFi Technologies, Inc.",18.31,18.29,0.001093
17/08/2026,TSLA,"Tesla, Inc.",339.3,342.27,-0.008677
17/08/2026,TSM,Taiwan Semiconductor Manufactur,430.97,426.35,0.010836
17/08/2026,UEC,Uranium Energy Corp.,11.17,11.21,-0.003568
17/08/2026,UNH,UnitedHealth Group Incorporated,395.62,401.73,-0.015209
17/08/2026,V,Visa Inc.,358.84,364.15,-0.014582
18/08/2026,AAPL,Apple Inc.,310.03,305.59,0.014529
18/08/2026,ABBV,AbbVie Inc.,258.92,250.33,0.034315
18/08/2026,AMD,"Advanced Micro Devices, Inc.",484.39,506.0,-0.042708
18/08/2026,AMZN,"Amazon.com, Inc.",259.45,261.31,-0.007118
18/08/2026,ANET,"Arista Networks, Inc.",193.18,201.8,-0.042716
18/08/2026,ASML,ASML Holding N.V. - New York Re,1802.98,1883.12,-0.042557
18/08/2026,ASTS,"AST SpaceMobile, Inc.",67.07,71.14,-0.057211
18/08/2026,BABA,Alibaba Group Holding Limited,128.15,124.71,0.027584
18/08/2026,BRK.B,Berkshire Hathaway Inc. New,502.96,498.23,0.009494
18/08/2026,BRLT,"Brilliant Earth Group, Inc.",1.25,1.22,0.02459
18/08/2026,CCJ,Cameco Corporation,96.03,98.58,-0.025867
18/08/2026,ENS,EnerSys,200.56,202.34,-0.008797
18/08/2026,GOOGL,Alphabet Inc.,344.2,344.0,0.000581
18/08/2026,INTC,Intel Corporation,96.69,103.49,-0.065707
18/08/2026,IONQ,"IonQ, Inc.",44.12,46.84,-0.05807
18/08/2026,KO,Coca-Cola Company (The),88.82,86.98,0.021154
18/08/2026,MELI,"MercadoLibre, Inc.",1779.14,1787.5699,-0.004716
18/08/2026,META,"Meta Platforms, Inc.",543.67,568.97,-0.044466
18/08/2026,MRVL,"Marvell Technology, Inc.",216.0,234.33,-0.078223
18/08/2026,MSFT,Microsoft Corporation,481.63,480.35,0.002665
18/08/2026,NBIS,Nebius Group N.V.,248.43,268.85,-0.075953
18/08/2026,NVDA,NVIDIA Corporation,219.74,225.01,-0.023421
18/08/2026,O,Realty Income Corporation,62.21,62.4,-0.003045
18/08/2026,OKLO,Oklo Inc.,41.36,43.88,-0.057429
18/08/2026,PEP,"Pepsico, Inc.",140.13,138.24,0.013672
18/08/2026,PLTR,Palantir Technologies Inc.,171.54,172.55,-0.005853
18/08/2026,QBTS,D-Wave Quantum Inc.,19.53,20.87,-0.064207
18/08/2026,RGTI,"Rigetti Computing, Inc.",17.71,18.67,-0.051419
18/08/2026,SMR,NuScale Power Corporation,8.64,9.19,-0.059848
18/08/2026,SOFI,"SoFi Technologies, Inc.",17.66,18.31,-0.0355
18/08/2026,TSLA,"Tesla, Inc.",336.87,339.3,-0.007162
18/08/2026,TSM,Taiwan Semiconductor Manufactur,413.41,430.97,-0.040745
18/08/2026,UEC,Uranium Energy Corp.,10.96,11.17,-0.0188
18/08/2026,UNH,UnitedHealth Group Incorporated,393.93,395.62,-0.004272
18/08/2026,V,Visa Inc.,364.25,358.84,0.015076
19/08/2026,AAPL,Apple Inc.,316.83,310.03,0.021933
19/08/2026,ABBV,AbbVie Inc.,265.97,258.92,0.027228
19/08/2026,AMD,"Advanced Micro Devices, Inc.",466.42,484.39,-0.037098
19/08/2026,AMZN,"Amazon.com, Inc.",265.84,259.45,0.024629
19/08/2026,ANET,"Arista Networks, Inc.",186.45,193.18,-0.034838
19/08/2026,ASML,ASML Holding N.V. - New York Re,1751.73,1802.98,-0.028425
19/08/2026,ASTS,"AST SpaceMobile, Inc.",66.43,67.07,-0.009542
19/08/2026,BABA,Alibaba Group Holding Limited,128.9,128.15,0.005853
19/08/2026,BRK.B,Berkshire Hathaway Inc. New,499.62,502.96,-0.006641
19/08/2026,BRLT,"Brilliant Earth Group, Inc.",1.28,1.25,0.024
19/08/2026,CCJ,Cameco Corporation,97.98,96.03,0.020306
19/08/2026,ENS,EnerSys,193.95,200.56,-0.032958
19/08/2026,GOOGL,Alphabet Inc.,344.72,344.2,0.001511
19/08/2026,INTC,Intel Corporation,92.8,96.69,-0.040232
19/08/2026,IONQ,"IonQ, Inc.",43.36,44.12,-0.017226
19/08/2026,KO,Coca-Cola Company (The),90.35,88.82,0.017226
19/08/2026,MELI,"MercadoLibre, Inc.",1908.65,1779.14,0.072794
19/08/2026,META,"Meta Platforms, Inc.",546.03,543.67,0.004341
19/08/2026,MRVL,"Marvell Technology, Inc.",237.27,216.0,0.098472
19/08/2026,MSFT,Microsoft Corporation,484.31,481.63,0.005564
19/08/2026,NBIS,Nebius Group N.V.,223.9,248.43,-0.09874
19/08/2026,NVDA,NVIDIA Corporation,217.56,219.74,-0.009921
19/08/2026,O,Realty Income Corporation,62.95,62.21,0.011895
19/08/2026,OKLO,Oklo Inc.,42.94,41.36,0.038201
19/08/2026,PEP,"Pepsico, Inc.",142.58,140.13,0.017484
19/08/2026,PLTR,Palantir Technologies Inc.,175.19,171.54,0.021278
19/08/2026,QBTS,D-Wave Quantum Inc.,19.32,19.53,-0.010753
19/08/2026,RGTI,"Rigetti Computing, Inc.",17.0,17.71,-0.04009
19/08/2026,SMR,NuScale Power Corporation,9.29,8.64,0.075231
19/08/2026,SOFI,"SoFi Technologies, Inc.",18.42,17.66,0.043035
19/08/2026,TSLA,"Tesla, Inc.",351.12,336.87,0.042301
19/08/2026,TSM,Taiwan Semiconductor Manufactur,412.09,413.41,-0.003193
19/08/2026,UEC,Uranium Energy Corp.,11.63,10.96,0.061131
19/08/2026,UNH,UnitedHealth Group Incorporated,388.61,393.93,-0.013505
19/08/2026,V,Visa Inc.,365.54,364.25,0.003542
20/08/2026,AAPL,Apple Inc.,311.3,316.83,-0.017454
20/08/2026,ABBV,AbbVie Inc.,261.83,265.97,-0.015566
20/08/2026,AMD,"Advanced Micro Devices, Inc.",469.46,466.42,0.006518
20/08/2026,AMZN,"Amazon.com, Inc.",260.11,265.84,-0.021554
20/08/2026,ANET,"Arista Networks, Inc.",183.75,186.45,-0.014481
20/08/2026,ASML,ASML Holding N.V. - New York Re,1750.3101,1751.73,-0.000811
20/08/2026,ASTS,"AST SpaceMobile, Inc.",65.06,66.43,-0.020623
20/08/2026,BABA,Alibaba Group Holding Limited,130.53,128.9,0.012645
20/08/2026,BRK.B,Berkshire Hathaway Inc. New,496.86,499.62,-0.005524
20/08/2026,BRLT,"Brilliant Earth Group, Inc.",1.33,1.28,0.039063
20/08/2026,CCJ,Cameco Corporation,95.59,97.98,-0.024393
20/08/2026,ENS,EnerSys,189.97,193.95,-0.020521
20/08/2026,GOOGL,Alphabet Inc.,340.67,344.72,-0.011749
20/08/2026,INTC,Intel Corporation,92.13,92.8,-0.00722
20/08/2026,IONQ,"IonQ, Inc.",41.53,43.36,-0.042205
20/08/2026,KO,Coca-Cola Company (The),90.5,90.35,0.00166
20/08/2026,MELI,"MercadoLibre, Inc.",1921.96,1908.65,0.006974
20/08/2026,META,"Meta Platforms, Inc.",545.83,546.03,-0.000366
20/08/2026,MRVL,"Marvell Technology, Inc.",251.01,237.27,0.057909
20/08/2026,MSFT,Microsoft Corporation,481.15,483.4,-0.004655
20/08/2026,NBIS,Nebius Group N.V.,220.11,223.9,-0.016927
20/08/2026,NVDA,NVIDIA Corporation,216.85,217.56,-0.003263
20/08/2026,O,Realty Income Corporation,63.17,62.95,0.003495
20/08/2026,OKLO,Oklo Inc.,41.66,42.94,-0.029809
20/08/2026,PEP,"Pepsico, Inc.",142.08,142.58,-0.003507
20/08/2026,PLTR,Palantir Technologies Inc.,173.96,175.19,-0.007021
20/08/2026,QBTS,D-Wave Quantum Inc.,18.8,19.32,-0.026915
20/08/2026,RGTI,"Rigetti Computing, Inc.",16.065,17.0,-0.055
20/08/2026,SMR,NuScale Power Corporation,9.07,9.29,-0.023681
20/08/2026,SOFI,"SoFi Technologies, Inc.",17.92,18.42,-0.027144
20/08/2026,TSLA,"Tesla, Inc.",345.13,351.12,-0.01706
20/08/2026,TSM,Taiwan Semiconductor Manufactur,416.0,412.09,0.009488
20/08/2026,UEC,Uranium Energy Corp.,11.15,11.63,-0.041273
20/08/2026,UNH,UnitedHealth Group Incorporated,384.85,388.61,-0.009676
20/08/2026,V,Visa Inc.,365.73,365.54,0.00052
21/08/2026,AAPL,Apple Inc.,309.35,311.3,-0.006264
21/08/2026,ABBV,AbbVie Inc.,264.96,261.83,0.011954
21/08/2026,AMD,"Advanced Micro Devices, Inc.",473.25,469.46,0.008073
21/08/2026,AMZN,"Amazon.com, Inc.",258.63,260.11,-0.00569
21/08/2026,ANET,"Arista Networks, Inc.",188.65,183.75,0.026667
21/08/2026,ASML,ASML Holding N.V. - New York Re,1763.76,1750.3101,0.007684
21/08/2026,ASTS,"AST SpaceMobile, Inc.",68.65,65.06,0.05518
21/08/2026,BABA,Alibaba Group Holding Limited,119.34,130.53,-0.085727
21/08/2026,BRK.B,Berkshire Hathaway Inc. New,495.82,496.86,-0.002093
21/08/2026,BRLT,"Brilliant Earth Group, Inc.",1.33,1.33,0.0
21/08/2026,CCJ,Cameco Corporation,102.51,95.59,0.072393
21/08/2026,ENS,EnerSys,189.76,189.97,-0.001105
21/08/2026,GOOGL,Alphabet Inc.,344.82,340.67,0.012182
21/08/2026,INTC,Intel Corporation,90.07,92.13,-0.02236
21/08/2026,IONQ,"IonQ, Inc.",44.86,41.53,0.080183
21/08/2026,KO,Coca-Cola Company (The),91.1,90.5,0.00663
21/08/2026,MELI,"MercadoLibre, Inc.",1922.73,1921.96,0.000401
21/08/2026,META,"Meta Platforms, Inc.",549.9,545.83,0.007457
21/08/2026,MRVL,"Marvell Technology, Inc.",237.04,251.01,-0.055655
21/08/2026,MSFT,Microsoft Corporation,483.24,481.15,0.004344
21/08/2026,NBIS,Nebius Group N.V.,219.13,220.11,-0.004452
21/08/2026,NVDA,NVIDIA Corporation,214.72,216.85,-0.009822
21/08/2026,O,Realty Income Corporation,62.6,63.17,-0.009023
21/08/2026,OKLO,Oklo Inc.,42.09,41.66,0.010322
21/08/2026,PEP,"Pepsico, Inc.",143.48,142.08,0.009854
21/08/2026,PLTR,Palantir Technologies Inc.,179.94,173.96,0.034376
21/08/2026,QBTS,D-Wave Quantum Inc.,20.39,18.8,0.084574
21/08/2026,RGTI,"Rigetti Computing, Inc.",17.91,16.065,0.114846
21/08/2026,SMR,NuScale Power Corporation,9.4,9.07,0.036384
21/08/2026,SOFI,"SoFi Technologies, Inc.",18.91,17.92,0.055246
21/08/2026,TSLA,"Tesla, Inc.",362.86,345.13,0.051372
21/08/2026,TSM,Taiwan Semiconductor Manufactur,418.95,416.0,0.007091
21/08/2026,UEC,Uranium Energy Corp.,12.76,11.15,0.144395
21/08/2026,UNH,UnitedHealth Group Incorporated,390.11,384.85,0.013668
21/08/2026,V,Visa Inc.,371.04,365.73,0.014519
24/08/2026,AAPL,Apple Inc.,310.34,309.35,0.0032
24/08/2026,ABBV,AbbVie Inc.,264.52,264.96,-0.001661
24/08/2026,AMD,"Advanced Micro Devices, Inc.",456.75,473.25,-0.034865
24/08/2026,AMZN,"Amazon.com, Inc.",262.07,258.63,0.013301
24/08/2026,ANET,"Arista Networks, Inc.",188.15,188.65,-0.00265
24/08/2026,ASML,ASML Holding N.V. - New York Re,1740.13,1763.76,-0.013398
24/08/2026,ASTS,"AST SpaceMobile, Inc.",62.35,68.65,-0.09177
24/08/2026,BABA,Alibaba Group Holding Limited,118.47,119.34,-0.00729
24/08/2026,BRK.B,Berkshire Hathaway Inc. New,504.32,495.82,0.017143
24/08/2026,BRLT,"Brilliant Earth Group, Inc.",1.33,1.33,0.0
24/08/2026,CCJ,Cameco Corporation,102.27,102.51,-0.002341
24/08/2026,ENS,EnerSys,187.49,189.76,-0.011962
24/08/2026,GOOGL,Alphabet Inc.,348.06,344.82,0.009396
24/08/2026,INTC,Intel Corporation,87.26,90.07,-0.031198
24/08/2026,IONQ,"IonQ, Inc.",41.06,44.86,-0.084708
24/08/2026,KO,Coca-Cola Company (The),91.99,91.1,0.009769
24/08/2026,MELI,"MercadoLibre, Inc.",1947.9,1922.73,0.013091
24/08/2026,META,"Meta Platforms, Inc.",559.02,549.9,0.016585
24/08/2026,MRVL,"Marvell Technology, Inc.",229.29,237.04,-0.032695
24/08/2026,MSFT,Microsoft Corporation,487.31,483.24,0.008422
24/08/2026,NBIS,Nebius Group N.V.,210.91,219.13,-0.037512
24/08/2026,NVDA,NVIDIA Corporation,208.48,214.72,-0.029061
24/08/2026,O,Realty Income Corporation,63.17,62.6,0.009105
24/08/2026,OKLO,Oklo Inc.,39.69,42.09,-0.057021
24/08/2026,PEP,"Pepsico, Inc.",144.67,143.48,0.008294
24/08/2026,PLTR,Palantir Technologies Inc.,175.89,179.94,-0.022508
24/08/2026,QBTS,D-Wave Quantum Inc.,18.68,20.39,-0.083865
24/08/2026,RGTI,"Rigetti Computing, Inc.",16.37,17.91,-0.085985
24/08/2026,SMR,NuScale Power Corporation,9.05,9.4,-0.037234
24/08/2026,SOFI,"SoFi Technologies, Inc.",18.24,18.91,-0.035431
24/08/2026,TSLA,"Tesla, Inc.",348.95,362.86,-0.038334
24/08/2026,TSM,Taiwan Semiconductor Manufactur,410.12,418.95,-0.021077
24/08/2026,UEC,Uranium Energy Corp.,12.51,12.76,-0.019592
24/08/2026,UNH,UnitedHealth Group Incorporated,398.76,390.11,0.022173
24/08/2026,V,Visa Inc.,382.41,371.04,0.030644
25/08/2026,AAPL,Apple Inc.,309.9,310.34,-0.001418
25/08/2026,ABBV,AbbVie Inc.,265.79,264.52,0.004801
25/08/2026,AMD,"Advanced Micro Devices, Inc.",479.18,456.75,0.049108
25/08/2026,AMZN,"Amazon.com, Inc.",261.06,262.07,-0.003854
25/08/2026,ANET,"Arista Networks, Inc.",190.94,188.15,0.014829
25/08/2026,ASML,ASML Holding N.V. - New York Re,1744.16,1740.13,0.002316
25/08/2026,ASTS,"AST SpaceMobile, Inc.",62.01,62.35,-0.005453
25/08/2026,BABA,Alibaba Group Holding Limited,119.44,118.47,0.008188
25/08/2026,BRK.B,Berkshire Hathaway Inc. New,504.32,504.32,0.0
25/08/2026,BRLT,"Brilliant Earth Group, Inc.",1.28,1.33,-0.037594
25/08/2026,CCJ,Cameco Corporation,106.96,102.27,0.045859
25/08/2026,ENS,EnerSys,194.29,187.49,0.036269
25/08/2026,GOOGL,Alphabet Inc.,346.96,348.06,-0.00316
25/08/2026,INTC,Intel Corporation,87.48,87.26,0.002521
25/08/2026,IONQ,"IonQ, Inc.",42.05,41.06,0.024111
25/08/2026,KO,Coca-Cola Company (The),91.64,91.99,-0.003805
25/08/2026,MELI,"MercadoLibre, Inc.",1997.0,1947.9,0.025207
25/08/2026,META,"Meta Platforms, Inc.",570.05,559.02,0.019731
25/08/2026,MRVL,"Marvell Technology, Inc.",240.38,229.29,0.048367
25/08/2026,MSFT,Microsoft Corporation,491.71,487.31,0.009029
25/08/2026,NBIS,Nebius Group N.V.,221.97,210.91,0.052439
25/08/2026,NVDA,NVIDIA Corporation,213.05,208.48,0.021921
25/08/2026,O,Realty Income Corporation,62.83,63.17,-0.005382
25/08/2026,OKLO,Oklo Inc.,44.27,39.69,0.115394
25/08/2026,PEP,"Pepsico, Inc.",142.27,144.67,-0.016589
25/08/2026,PLTR,Palantir Technologies Inc.,172.73,175.89,-0.017966
25/08/2026,QBTS,D-Wave Quantum Inc.,19.35,18.68,0.035867
25/08/2026,RGTI,"Rigetti Computing, Inc.",16.94,16.37,0.03482
25/08/2026,SMR,NuScale Power Corporation,9.81,9.05,0.083978
25/08/2026,SOFI,"SoFi Technologies, Inc.",19.0,18.24,0.041667
25/08/2026,TSLA,"Tesla, Inc.",350.25,348.95,0.003725
25/08/2026,TSM,Taiwan Semiconductor Manufactur,417.41,410.12,0.017775
25/08/2026,UEC,Uranium Energy Corp.,13.27,12.51,0.060751
25/08/2026,UNH,UnitedHealth Group Incorporated,396.59,398.76,-0.005442
25/08/2026,V,Visa Inc.,384.14,382.41,0.004524
26/08/2026,AAPL,Apple Inc.,313.45,309.9,0.011455
26/08/2026,ABBV,AbbVie Inc.,262.9,265.79,-0.010873
26/08/2026,AMD,"Advanced Micro Devices, Inc.",480.93,479.18,0.003652
26/08/2026,AMZN,"Amazon.com, Inc.",260.28,261.06,-0.002988
26/08/2026,ANET,"Arista Networks, Inc.",202.25,190.94,0.059233
26/08/2026,ASML,ASML Holding N.V. - New York Re,1745.64,1744.16,0.000849
26/08/2026,ASTS,"AST SpaceMobile, Inc.",59.88,62.01,-0.034349
26/08/2026,BABA,Alibaba Group Holding Limited,119.83,119.44,0.003265
26/08/2026,BRK.B,Berkshire Hathaway Inc. New,504.91,504.32,0.00117
26/08/2026,BRLT,"Brilliant Earth Group, Inc.",1.28,1.28,0.0
26/08/2026,CCJ,Cameco Corporation,107.36,106.96,0.00374
26/08/2026,ENS,EnerSys,192.95,194.29,-0.006897
26/08/2026,GOOGL,Alphabet Inc.,342.0,346.96,-0.014296
26/08/2026,INTC,Intel Corporation,88.24,87.48,0.008688
26/08/2026,IONQ,"IonQ, Inc.",40.03,42.05,-0.048038
26/08/2026,KO,Coca-Cola Company (The),90.08,91.64,-0.017023
26/08/2026,MELI,"MercadoLibre, Inc.",1950.4399,1997.0,-0.023315
26/08/2026,META,"Meta Platforms, Inc.",576.14,570.05,0.010683
26/08/2026,MRVL,"Marvell Technology, Inc.",245.11,240.38,0.019677
26/08/2026,MSFT,Microsoft Corporation,496.37,491.71,0.009477
26/08/2026,NBIS,Nebius Group N.V.,213.93,221.97,-0.036221
26/08/2026,NVDA,NVIDIA Corporation,209.66,213.05,-0.015912
26/08/2026,O,Realty Income Corporation,62.26,62.83,-0.009072
26/08/2026,OKLO,Oklo Inc.,41.6,44.27,-0.060312
26/08/2026,PEP,"Pepsico, Inc.",142.19,142.27,-0.000562
26/08/2026,PLTR,Palantir Technologies Inc.,177.5,172.73,0.027615
26/08/2026,QBTS,D-Wave Quantum Inc.,17.51,19.35,-0.09509
26/08/2026,RGTI,"Rigetti Computing, Inc.",15.94,16.94,-0.059032
26/08/2026,SMR,NuScale Power Corporation,9.27,9.81,-0.055046
26/08/2026,SOFI,"SoFi Technologies, Inc.",18.84,19.0,-0.008421
26/08/2026,TSLA,"Tesla, Inc.",345.82,350.25,-0.012648
26/08/2026,TSM,Taiwan Semiconductor Manufactur,417.69,417.41,0.000671
26/08/2026,UEC,Uranium Energy Corp.,13.13,13.27,-0.01055
26/08/2026,UNH,UnitedHealth Group Incorporated,401.01,396.59,0.011145
26/08/2026,V,Visa Inc.,383.9,384.14,-0.000625
27/08/2026,AAPL,Apple Inc.,312.97,313.45,-0.001531
27/08/2026,ABBV,AbbVie Inc.,259.295,262.9,-0.013712
27/08/2026,AMD,"Advanced Micro Devices, Inc.",475.78,480.93,-0.010708
27/08/2026,AMZN,"Amazon.com, Inc.",256.77,260.28,-0.013485
27/08/2026,ANET,"Arista Networks, Inc.",201.22,202.25,-0.005093
27/08/2026,ASML,ASML Holding N.V. - New York Re,1733.64,1745.64,-0.006874
27/08/2026,ASTS,"AST SpaceMobile, Inc.",61.12,59.88,0.020708
27/08/2026,BABA,Alibaba Group Holding Limited,116.265,119.83,-0.02975
27/08/2026,BRK.B,Berkshire Hathaway Inc. New,502.33,504.91,-0.00511
27/08/2026,BRLT,"Brilliant Earth Group, Inc.",1.27,1.28,-0.007813
27/08/2026,CCJ,Cameco Corporation,106.39,107.36,-0.009035
27/08/2026,ENS,EnerSys,190.38,192.95,-0.01332
27/08/2026,GOOGL,Alphabet Inc.,339.64,342.0,-0.006901
27/08/2026,INTC,Intel Corporation,91.1659,88.24,0.033158
27/08/2026,IONQ,"IonQ, Inc.",42.54,40.03,0.062703
27/08/2026,KO,Coca-Cola Company (The),89.675,90.08,-0.004496
27/08/2026,MELI,"MercadoLibre, Inc.",1937.3199,1950.4399,-0.006727
27/08/2026,META,"Meta Platforms, Inc.",571.69,576.14,-0.007724
27/08/2026,MRVL,"Marvell Technology, Inc.",244.335,245.11,-0.003162
27/08/2026,MSFT,Microsoft Corporation,504.22,496.37,0.015815
27/08/2026,NBIS,Nebius Group N.V.,224.79,213.93,0.050764
27/08/2026,NVDA,NVIDIA Corporation,224.57,209.66,0.071115
27/08/2026,O,Realty Income Corporation,61.948,62.26,-0.005011
27/08/2026,OKLO,Oklo Inc.,43.515,41.6,0.046034
27/08/2026,PEP,"Pepsico, Inc.",140.425,142.19,-0.012413
27/08/2026,PLTR,Palantir Technologies Inc.,184.5,177.5,0.039437
27/08/2026,QBTS,D-Wave Quantum Inc.,18.28,17.51,0.043975
27/08/2026,RGTI,"Rigetti Computing, Inc.",16.565,15.94,0.03921
27/08/2026,SMR,NuScale Power Corporation,9.675,9.27,0.043689
27/08/2026,SOFI,"SoFi Technologies, Inc.",19.245,18.84,0.021497
27/08/2026,TSLA,"Tesla, Inc.",350.8704,345.82,0.014604
27/08/2026,TSM,Taiwan Semiconductor Manufactur,426.845,417.69,0.021918
27/08/2026,UEC,Uranium Energy Corp.,13.2599,13.13,0.009893
27/08/2026,UNH,UnitedHealth Group Incorporated,397.005,401.01,-0.009987
27/08/2026,V,Visa Inc.,380.285,383.9,-0.009417
28/08/2026,AAPL,Apple Inc.,321.475,314.58,0.021918
28/08/2026,ABBV,AbbVie Inc.,256.855,258.15,-0.005016
28/08/2026,AMD,"Advanced Micro Devices, Inc.",472.875,476.67,-0.007961
28/08/2026,AMZN,"Amazon.com, Inc.",267.075,256.26,0.042203
28/08/2026,ANET,"Arista Networks, Inc.",197.3,201.09,-0.018847
28/08/2026,ASML,ASML Holding N.V. - New York Re,1724.59,1735.01,-0.006006
28/08/2026,ASTS,"AST SpaceMobile, Inc.",59.37,61.44,-0.033691
28/08/2026,BABA,Alibaba Group Holding Limited,118.97,116.31,0.02287
28/08/2026,BRK.B,Berkshire Hathaway Inc. New,505.22,503.7,0.003018
28/08/2026,BRLT,"Brilliant Earth Group, Inc.",1.29,1.31,-0.015267
28/08/2026,CCJ,Cameco Corporation,100.13,106.33,-0.058309
28/08/2026,ENS,EnerSys,188.6075,190.98,-0.012423
28/08/2026,GOOGL,Alphabet Inc.,347.65,340.65,0.020549
28/08/2026,INTC,Intel Corporation,90.845,92.09,-0.013519
28/08/2026,IONQ,"IonQ, Inc.",39.56,42.46,-0.0683
28/08/2026,KO,Coca-Cola Company (The),89.6,89.06,0.006063
28/08/2026,MELI,"MercadoLibre, Inc.",1964.5,1930.75,0.01748
28/08/2026,META,"Meta Platforms, Inc.",582.3101,571.1,0.019629
28/08/2026,MRVL,"Marvell Technology, Inc.",221.555,241.45,-0.082398
28/08/2026,MSFT,Microsoft Corporation,514.715,505.06,0.019117
28/08/2026,NBIS,Nebius Group N.V.,209.66,218.48,-0.04037
28/08/2026,NVDA,NVIDIA Corporation,223.075,227.98,-0.021515
28/08/2026,O,Realty Income Corporation,62.14,61.8,0.005502
28/08/2026,OKLO,Oklo Inc.,40.835,42.53,-0.039854
28/08/2026,PEP,"Pepsico, Inc.",140.65,139.72,0.006656
28/08/2026,PLTR,Palantir Technologies Inc.,187.41,185.93,0.00796
28/08/2026,QBTS,D-Wave Quantum Inc.,17.055,17.9,-0.047207
28/08/2026,RGTI,"Rigetti Computing, Inc.",15.8401,16.44,-0.03649
28/08/2026,SMR,NuScale Power Corporation,9.445,9.74,-0.030287
28/08/2026,SOFI,"SoFi Technologies, Inc.",18.685,19.18,-0.025808
28/08/2026,TSLA,"Tesla, Inc.",350.72,354.81,-0.011527
28/08/2026,TSM,Taiwan Semiconductor Manufactur,423.86,427.3,-0.008051
28/08/2026,UEC,Uranium Energy Corp.,12.5754,13.62,-0.076696
28/08/2026,UNH,UnitedHealth Group Incorporated,395.555,395.05,0.001278
28/08/2026,V,Visa Inc.,383.25,379.66,0.009456
31/08/2026,AAPL,Apple Inc.,316.85,319.7,-0.008915
31/08/2026,ABBV,AbbVie Inc.,256.42,258.15,-0.006702
31/08/2026,AMD,"Advanced Micro Devices, Inc.",470.72,465.58,0.01104
31/08/2026,AMZN,"Amazon.com, Inc.",259.77,266.43,-0.024997
31/08/2026,ANET,"Arista Networks, Inc.",195.69,201.09,-0.026854
31/08/2026,ASML,ASML Holding N.V. - New York Re,1696.01,1735.01,-0.022478
31/08/2026,ASTS,"AST SpaceMobile, Inc.",59.1,58.05,0.018088
31/08/2026,BABA,Alibaba Group Holding Limited,114.02,116.31,-0.019689
31/08/2026,BRK.B,Berkshire Hathaway Inc. New,504.03,503.7,0.000655
31/08/2026,BRLT,"Brilliant Earth Group, Inc.",1.41,1.31,0.076336
31/08/2026,CCJ,Cameco Corporation,98.76,106.33,-0.071193
31/08/2026,ENS,EnerSys,183.86,190.98,-0.037281
31/08/2026,GOOGL,Alphabet Inc.,339.35,346.59,-0.020889
31/08/2026,INTC,Intel Corporation,89.51,89.47,0.000447
31/08/2026,IONQ,"IonQ, Inc.",39.31,39.2,0.002806
31/08/2026,KO,Coca-Cola Company (The),88.67,89.06,-0.004379
31/08/2026,MELI,"MercadoLibre, Inc.",1936.2,1930.75,0.002823
31/08/2026,META,"Meta Platforms, Inc.",572.34,578.02,-0.009827
31/08/2026,MRVL,"Marvell Technology, Inc.",211.66,216.62,-0.022897
31/08/2026,MSFT,Microsoft Corporation,507.29,513.53,-0.012151
31/08/2026,NBIS,Nebius Group N.V.,206.32,209.18,-0.013672
31/08/2026,NVDA,NVIDIA Corporation,220.78,217.55,0.014847
31/08/2026,O,Realty Income Corporation,61.28,61.8,-0.008414
31/08/2026,OKLO,Oklo Inc.,40.57,40.14,0.010713
31/08/2026,PEP,"Pepsico, Inc.",140.34,139.72,0.004437
31/08/2026,PLTR,Palantir Technologies Inc.,186.38,186.29,0.000483
31/08/2026,QBTS,D-Wave Quantum Inc.,17.2,16.99,0.01236
31/08/2026,RGTI,"Rigetti Computing, Inc.",15.66,15.59,0.00449
31/08/2026,SMR,NuScale Power Corporation,9.27,9.29,-0.002153
31/08/2026,SOFI,"SoFi Technologies, Inc.",17.88,18.06,-0.009967
31/08/2026,TSLA,"Tesla, Inc.",367.95,348.75,0.055054
31/08/2026,TSM,Taiwan Semiconductor Manufactur,415.32,417.52,-0.005269
31/08/2026,UEC,Uranium Energy Corp.,12.24,13.62,-0.101322
31/08/2026,UNH,UnitedHealth Group Incorporated,389.41,395.05,-0.014277
31/08/2026,V,Visa Inc.,379.37,379.66,-0.000764
01/09/2026,AAPL,Apple Inc.,325.13,316.85,0.026132
01/09/2026,ABBV,AbbVie Inc.,259.99,256.42,0.013922
01/09/2026,AMD,"Advanced Micro Devices, Inc.",459.61,470.72,-0.023602
01/09/2026,AMZN,"Amazon.com, Inc.",254.92,259.77,-0.01867
01/09/2026,ANET,"Arista Networks, Inc.",189.26,195.69,-0.032858
01/09/2026,ASML,ASML Holding N.V. - New York Re,1665.14,1696.01,-0.018202
01/09/2026,ASTS,"AST SpaceMobile, Inc.",55.8,59.1,-0.055838
01/09/2026,BABA,Alibaba Group Holding Limited,112.85,114.02,-0.010261
01/09/2026,BRK.B,Berkshire Hathaway Inc. New,502.33,504.03,-0.003373
01/09/2026,BRLT,"Brilliant Earth Group, Inc.",1.34,1.41,-0.049645
01/09/2026,CCJ,Cameco Corporation,96.26,98.76,-0.025314
01/09/2026,ENS,EnerSys,181.09,183.86,-0.015066
01/09/2026,GOOGL,Alphabet Inc.,335.02,339.35,-0.01276
01/09/2026,INTC,Intel Corporation,88.97,89.51,-0.006033
01/09/2026,IONQ,"IonQ, Inc.",37.78,39.31,-0.038921
01/09/2026,KO,Coca-Cola Company (The),88.0,88.67,-0.007556
01/09/2026,MELI,"MercadoLibre, Inc.",1963.49,1936.2,0.014095
01/09/2026,META,"Meta Platforms, Inc.",578.54,572.34,0.010833
01/09/2026,MRVL,"Marvell Technology, Inc.",210.39,211.66,-0.006
01/09/2026,MSFT,Microsoft Corporation,501.02,507.29,-0.01236
01/09/2026,NBIS,Nebius Group N.V.,199.54,206.32,-0.032862
01/09/2026,NVDA,NVIDIA Corporation,217.44,220.78,-0.015128
01/09/2026,O,Realty Income Corporation,61.36,61.28,0.001305
01/09/2026,OKLO,Oklo Inc.,38.53,40.57,-0.050283
01/09/2026,PEP,"Pepsico, Inc.",139.79,140.34,-0.003919
01/09/2026,PLTR,Palantir Technologies Inc.,179.92,186.38,-0.03466
01/09/2026,QBTS,D-Wave Quantum Inc.,16.54,17.2,-0.038372
01/09/2026,RGTI,"Rigetti Computing, Inc.",14.99,15.66,-0.042784
01/09/2026,SMR,NuScale Power Corporation,9.21,9.27,-0.006472
01/09/2026,SOFI,"SoFi Technologies, Inc.",17.05,17.88,-0.046421
01/09/2026,TSLA,"Tesla, Inc.",356.09,367.95,-0.032233
01/09/2026,TSM,Taiwan Semiconductor Manufactur,414.0,415.32,-0.003178
01/09/2026,UEC,Uranium Energy Corp.,11.59,12.24,-0.053105
01/09/2026,UNH,UnitedHealth Group Incorporated,396.3,389.41,0.017693
01/09/2026,V,Visa Inc.,372.67,379.37,-0.017661
02/09/2026,AAPL,Apple Inc.,324.96,325.13,-0.000523
02/09/2026,ABBV,AbbVie Inc.,261.72,259.99,0.006654
02/09/2026,AMD,"Advanced Micro Devices, Inc.",457.06,459.61,-0.005548
02/09/2026,AMZN,"Amazon.com, Inc.",254.98,254.92,0.000235
02/09/2026,ANET,"Arista Networks, Inc.",186.1,189.26,-0.016697
02/09/2026,ASML,ASML Holding N.V. - New York Re,1682.3,1665.14,0.010305
02/09/2026,ASTS,"AST SpaceMobile, Inc.",62.4,55.8,0.11828
02/09/2026,BABA,Alibaba Group Holding Limited,111.81,112.85,-0.009216
02/09/2026,BRK.B,Berkshire Hathaway Inc. New,505.24,502.33,0.005793
02/09/2026,BRLT,"Brilliant Earth Group, Inc.",1.31,1.34,-0.022388
02/09/2026,CCJ,Cameco Corporation,96.38,96.26,0.001247
02/09/2026,ENS,EnerSys,180.08,181.09,-0.005577
02/09/2026,GOOGL,Alphabet Inc.,337.12,335.02,0.006268
02/09/2026,INTC,Intel Corporation,90.05,88.97,0.012139
02/09/2026,IONQ,"IonQ, Inc.",37.64,37.78,-0.003706
02/09/2026,KO,Coca-Cola Company (The),88.24,88.0,0.002727
02/09/2026,MELI,"MercadoLibre, Inc.",2006.58,1963.49,0.021946
02/09/2026,META,"Meta Platforms, Inc.",592.85,578.54,0.024735
02/09/2026,MRVL,"Marvell Technology, Inc.",206.48,210.39,-0.018585
02/09/2026,MSFT,Microsoft Corporation,496.82,501.02,-0.008383
02/09/2026,NBIS,Nebius Group N.V.,204.09,199.54,0.022802
02/09/2026,NVDA,NVIDIA Corporation,224.41,217.44,0.032055
02/09/2026,O,Realty Income Corporation,61.5,61.36,0.002282
02/09/2026,OKLO,Oklo Inc.,39.52,38.53,0.025694
02/09/2026,PEP,"Pepsico, Inc.",140.52,139.79,0.005222
02/09/2026,PLTR,Palantir Technologies Inc.,169.46,179.92,-0.058137
02/09/2026,QBTS,D-Wave Quantum Inc.,16.49,16.54,-0.003023
02/09/2026,RGTI,"Rigetti Computing, Inc.",14.87,14.99,-0.008005
02/09/2026,SMR,NuScale Power Corporation,9.56,9.21,0.038002
02/09/2026,SOFI,"SoFi Technologies, Inc.",17.84,17.05,0.046334
02/09/2026,TSLA,"Tesla, Inc.",357.01,356.09,0.002584
02/09/2026,TSM,Taiwan Semiconductor Manufactur,415.5,414.0,0.003623
02/09/2026,UEC,Uranium Energy Corp.,11.62,11.59,0.002588
02/09/2026,UNH,UnitedHealth Group Incorporated,399.66,396.3,0.008478
02/09/2026,V,Visa Inc.,378.4,372.67,0.015376
